next_win,encoded
1,0
100,1
1000,2
1001,3
1002,4
1003,5
1004,6
1005,7
1006,8
1008,9
1009,10
1010,11
1011,12
1012,13
1013,14
1014,15
1015,16
1017,17
102,18
1020,19
1023,20
1027,21
1028,22
103,23
1030,24
1032,25
1033,26
1034,27
1035,28
1036,29
1037,30
1038,31
1039,32
104,33
1040,34
1041,35
1042,36
1044,37
1045,38
1046,39
1047,40
1048,41
1049,42
105,43
1051,44
1052,45
1053,46
1054,47
1055,48
1056,49
1057,50
1058,51
1059,52
106,53
1060,54
1061,55
1062,56
1063,57
1064,58
1065,59
1066,60
1067,61
1068,62
1069,63
107,64
1070,65
1071,66
1072,67
1073,68
1076,69
1077,70
1078,71
1079,72
108,73
1080,74
1081,75
1082,76
1084,77
1085,78
1086,79
1087,80
1089,81
109,82
1090,83
1091,84
1092,85
1094,86
1095,87
1096,88
1098,89
1099,90
11,91
1100,92
1101,93
1103,94
1104,95
1105,96
1106,97
1109,98
111,99
1110,100
1111,101
1112,102
1113,103
1114,104
1115,105
1116,106
1118,107
1119,108
112,109
1120,110
1121,111
1122,112
1125,113
1126,114
1127,115
1129,116
1131,117
1134,118
1135,119
1137,120
1138,121
1139,122
1140,123
1143,124
1144,125
1145,126
1146,127
1148,128
1149,129
115,130
1150,131
1151,132
1154,133
1155,134
1156,135
1157,136
1158,137
1159,138
1160,139
1161,140
1165,141
1166,142
1167,143
1168,144
1169,145
117,146
1170,147
1172,148
1174,149
1175,150
1176,151
1178,152
1179,153
118,154
1180,155
1182,156
1183,157
1184,158
1185,159
1187,160
119,161
1190,162
1192,163
1193,164
1194,165
1195,166
1196,167
1197,168
1198,169
1199,170
120,171
1200,172
1201,173
1202,174
1203,175
1205,176
1206,177
1207,178
1208,179
1209,180
121,181
1212,182
1214,183
1215,184
1217,185
1219,186
1221,187
1222,188
1224,189
1225,190
1226,191
1227,192
1229,193
123,194
1230,195
1233,196
1235,197
1236,198
1237,199
1238,200
1239,201
124,202
1240,203
1242,204
1244,205
1245,206
1246,207
1247,208
1248,209
1249,210
125,211
1251,212
1253,213
1254,214
1255,215
1259,216
1260,217
1261,218
1262,219
1263,220
1264,221
1266,222
1267,223
1268,224
1269,225
127,226
1270,227
1271,228
1273,229
1274,230
1275,231
1276,232
1277,233
1278,234
128,235
1280,236
1283,237
1285,238
1286,239
1287,240
129,241
1290,242
1291,243
1292,244
1294,245
1295,246
1296,247
1297,248
1298,249
1299,250
13,251
1300,252
1301,253
1302,254
1303,255
1304,256
1305,257
1306,258
1307,259
1308,260
1309,261
131,262
1310,263
1311,264
1312,265
1313,266
1314,267
1315,268
1316,269
1318,270
132,271
1320,272
1321,273
1322,274
1323,275
1324,276
1325,277
1326,278
1327,279
1329,280
133,281
1331,282
1333,283
1334,284
1335,285
1336,286
1337,287
1338,288
1339,289
134,290
1340,291
1341,292
1342,293
1343,294
1344,295
1345,296
1346,297
1348,298
1349,299
1351,300
1353,301
1354,302
1355,303
1356,304
1357,305
1360,306
1361,307
1362,308
1363,309
1366,310
1367,311
1369,312
137,313
1370,314
1371,315
1373,316
1374,317
1375,318
1376,319
1377,320
1378,321
1379,322
138,323
1380,324
1381,325
1382,326
1383,327
1384,328
1385,329
1386,330
1387,331
1388,332
139,333
1390,334
1391,335
1392,336
1393,337
1394,338
1395,339
1397,340
1398,341
14,342
140,343
1401,344
1402,345
1403,346
1404,347
1405,348
1406,349
1408,350
1409,351
141,352
1410,353
1411,354
1413,355
1414,356
1415,357
1416,358
1418,359
1419,360
142,361
1421,362
1422,363
1423,364
1426,365
1427,366
1428,367
1429,368
143,369
1430,370
1431,371
1433,372
1434,373
1435,374
1437,375
1438,376
1439,377
144,378
1440,379
1441,380
1442,381
1443,382
1445,383
1446,384
1447,385
1448,386
1449,387
145,388
1450,389
1451,390
1453,391
1454,392
1455,393
1459,394
146,395
1460,396
1461,397
1462,398
1463,399
1464,400
1465,401
1467,402
1468,403
1469,404
147,405
1470,406
1472,407
1474,408
1475,409
1476,410
1477,411
1478,412
1480,413
1481,414
1483,415
1485,416
1486,417
1487,418
1488,419
1489,420
149,421
1490,422
1491,423
1492,424
1493,425
1494,426
1495,427
1496,428
1499,429
15,430
150,431
1501,432
1503,433
1504,434
1505,435
1506,436
1507,437
1508,438
1510,439
1511,440
1514,441
1515,442
1520,443
1521,444
1522,445
1523,446
1525,447
1527,448
1528,449
1529,450
153,451
1530,452
1531,453
1534,454
1535,455
1536,456
1537,457
1538,458
1539,459
154,460
1540,461
1541,462
1542,463
1544,464
1546,465
1548,466
1549,467
155,468
1550,469
1551,470
1554,471
1556,472
1558,473
1559,474
156,475
1560,476
1561,477
1562,478
1563,479
1564,480
1566,481
1568,482
1569,483
157,484
1570,485
1572,486
1573,487
1574,488
1575,489
1576,490
1578,491
1579,492
158,493
1580,494
1581,495
1582,496
1583,497
1584,498
1585,499
1586,500
1587,501
1588,502
159,503
1590,504
1591,505
1592,506
1593,507
1594,508
1595,509
1596,510
1597,511
1599,512
16,513
160,514
1602,515
1603,516
1604,517
1607,518
161,519
1612,520
1614,521
1615,522
1616,523
1617,524
1618,525
162,526
1620,527
1621,528
1622,529
1623,530
1624,531
1625,532
1626,533
1627,534
1628,535
1629,536
163,537
1630,538
1632,539
1633,540
1634,541
1635,542
1637,543
1639,544
164,545
1640,546
1641,547
1642,548
1643,549
1644,550
1645,551
1646,552
1647,553
1648,554
1649,555
165,556
1650,557
1651,558
1653,559
1654,560
1656,561
1657,562
1658,563
1659,564
1660,565
1661,566
1662,567
1663,568
1664,569
1666,570
1667,571
1668,572
1669,573
167,574
1670,575
1671,576
1672,577
1673,578
1674,579
1675,580
1676,581
1677,582
1678,583
1680,584
1681,585
1682,586
1683,587
1685,588
1687,589
1688,590
1689,591
1690,592
1691,593
1692,594
1694,595
1695,596
1696,597
1697,598
1698,599
1699,600
170,601
1701,602
1702,603
1703,604
1704,605
1705,606
1707,607
1708,608
1709,609
1711,610
1713,611
1715,612
1717,613
1718,614
1719,615
172,616
1720,617
1721,618
1722,619
1723,620
1725,621
1728,622
173,623
1730,624
1731,625
1733,626
1734,627
1736,628
1737,629
1739,630
1740,631
1742,632
1745,633
1746,634
1747,635
1748,636
1749,637
175,638
1750,639
1751,640
1752,641
1753,642
1754,643
1755,644
1756,645
1757,646
176,647
1761,648
1762,649
1763,650
1766,651
1767,652
1770,653
1771,654
1772,655
1773,656
1774,657
1777,658
178,659
1780,660
1782,661
1783,662
1784,663
1785,664
1786,665
1788,666
1789,667
1790,668
1791,669
1792,670
1793,671
1794,672
1795,673
1796,674
1797,675
1798,676
18,677
180,678
1804,679
1805,680
1806,681
1808,682
1809,683
181,684
1810,685
1812,686
1813,687
1814,688
1815,689
1817,690
1819,691
182,692
1820,693
1821,694
1823,695
1824,696
1825,697
1827,698
1828,699
1829,700
183,701
1830,702
1831,703
1832,704
1833,705
1834,706
1835,707
1836,708
1837,709
1838,710
1839,711
184,712
1842,713
1843,714
1844,715
1845,716
1846,717
1847,718
1848,719
1849,720
185,721
1851,722
1852,723
1853,724
1856,725
1857,726
1858,727
1859,728
186,729
1860,730
1861,731
1863,732
1864,733
1865,734
1866,735
1867,736
1868,737
1869,738
1870,739
1871,740
1875,741
1876,742
1877,743
1878,744
188,745
1880,746
1882,747
1885,748
1886,749
1889,750
189,751
1890,752
1891,753
1893,754
1897,755
1898,756
1899,757
190,758
1900,759
1902,760
1903,761
1904,762
1905,763
1906,764
1907,765
1908,766
191,767
1910,768
1911,769
1912,770
1913,771
1914,772
1916,773
1917,774
1918,775
1919,776
192,777
1921,778
1922,779
1923,780
1924,781
1926,782
1927,783
1928,784
1929,785
193,786
1931,787
1932,788
1933,789
1934,790
1935,791
1936,792
1939,793
1940,794
1941,795
1942,796
1943,797
1944,798
1945,799
1946,800
1947,801
195,802
1950,803
1951,804
1953,805
1954,806
1955,807
1956,808
1957,809
1958,810
1959,811
196,812
1960,813
1963,814
1966,815
1967,816
1968,817
197,818
1971,819
1972,820
1973,821
1974,822
1975,823
1976,824
1978,825
1979,826
198,827
1980,828
1982,829
1983,830
1985,831
1986,832
1987,833
1989,834
199,835
1992,836
1993,837
1994,838
1995,839
1996,840
1998,841
1999,842
200,843
2001,844
2002,845
2003,846
2005,847
2007,848
2008,849
2009,850
2010,851
2011,852
2012,853
2013,854
2014,855
2015,856
202,857
2020,858
2021,859
2023,860
2024,861
2025,862
2026,863
2027,864
2028,865
2029,866
203,867
2030,868
2031,869
2032,870
2033,871
2034,872
2035,873
2036,874
2037,875
2038,876
2039,877
204,878
2041,879
2042,880
2043,881
2044,882
2045,883
2047,884
2049,885
205,886
2052,887
2053,888
2054,889
2055,890
2056,891
2057,892
2059,893
206,894
2061,895
2062,896
2063,897
2066,898
2067,899
2068,900
2069,901
2070,902
2071,903
2073,904
2074,905
2075,906
2077,907
2078,908
2079,909
208,910
2080,911
2081,912
2083,913
2084,914
2085,915
2086,916
2087,917
2088,918
209,919
2090,920
2091,921
2092,922
2093,923
2094,924
2095,925
2096,926
2097,927
210,928
2100,929
2102,930
2103,931
2104,932
2105,933
2106,934
2107,935
2108,936
2109,937
211,938
2113,939
2114,940
2117,941
2118,942
2119,943
212,944
2122,945
2123,946
2124,947
2126,948
2127,949
2128,950
2129,951
213,952
2130,953
2131,954
2134,955
2135,956
2136,957
2137,958
2138,959
2139,960
214,961
2140,962
2142,963
2143,964
2144,965
2145,966
2146,967
2148,968
215,969
2151,970
2153,971
2154,972
2155,973
2156,974
2157,975
2159,976
2160,977
2163,978
2164,979
2165,980
2166,981
2167,982
2168,983
2169,984
2172,985
2173,986
2174,987
2175,988
2177,989
2178,990
2179,991
218,992
2181,993
2182,994
2184,995
2185,996
2186,997
2189,998
219,999
2190,1000
2191,1001
2192,1002
2194,1003
2195,1004
2196,1005
2197,1006
2198,1007
2199,1008
22,1009
2200,1010
2201,1011
2203,1012
2204,1013
2205,1014
2206,1015
2207,1016
2209,1017
2213,1018
2214,1019
2215,1020
2217,1021
2218,1022
2221,1023
2223,1024
2224,1025
2226,1026
2228,1027
223,1028
2230,1029
2231,1030
2232,1031
2233,1032
2235,1033
2236,1034
2237,1035
2238,1036
2239,1037
2240,1038
2241,1039
2242,1040
2243,1041
2244,1042
2245,1043
2246,1044
2247,1045
2248,1046
2249,1047
2250,1048
2251,1049
2252,1050
2253,1051
2254,1052
2256,1053
2257,1054
2258,1055
2259,1056
226,1057
2261,1058
2262,1059
2263,1060
2264,1061
2265,1062
2266,1063
2267,1064
2268,1065
2269,1066
227,1067
2270,1068
2271,1069
2273,1070
2274,1071
2275,1072
2276,1073
2277,1074
2278,1075
2279,1076
2280,1077
2281,1078
2282,1079
2283,1080
2284,1081
2285,1082
2286,1083
2287,1084
2288,1085
2289,1086
229,1087
2290,1088
2292,1089
2293,1090
2294,1091
2295,1092
2296,1093
2298,1094
2299,1095
23,1096
230,1097
2301,1098
2302,1099
2304,1100
2305,1101
2307,1102
231,1103
2310,1104
2311,1105
2312,1106
2314,1107
2316,1108
2317,1109
2318,1110
232,1111
2320,1112
2322,1113
2323,1114
2325,1115
2327,1116
2328,1117
2329,1118
233,1119
2330,1120
2331,1121
2332,1122
2333,1123
2334,1124
2335,1125
2336,1126
2337,1127
2339,1128
234,1129
2340,1130
2345,1131
2346,1132
2347,1133
2348,1134
235,1135
2350,1136
2351,1137
2352,1138
2353,1139
2354,1140
2355,1141
2356,1142
2357,1143
2358,1144
2359,1145
236,1146
2360,1147
2361,1148
2362,1149
2363,1150
2364,1151
2365,1152
2366,1153
2368,1154
2369,1155
237,1156
2370,1157
2371,1158
2372,1159
2374,1160
2375,1161
2376,1162
2377,1163
2378,1164
238,1165
2380,1166
2381,1167
2382,1168
2383,1169
2384,1170
2385,1171
2386,1172
2387,1173
2389,1174
239,1175
2390,1176
2391,1177
2392,1178
2393,1179
2395,1180
2396,1181
2397,1182
2398,1183
24,1184
240,1185
2400,1186
2402,1187
2403,1188
2404,1189
2405,1190
2406,1191
2407,1192
2408,1193
2409,1194
2410,1195
2411,1196
2413,1197
2414,1198
2415,1199
2416,1200
2417,1201
2418,1202
2419,1203
242,1204
2420,1205
2422,1206
2423,1207
2424,1208
2425,1209
2426,1210
2427,1211
2428,1212
2429,1213
243,1214
2430,1215
2432,1216
2433,1217
2434,1218
2435,1219
2436,1220
2437,1221
2438,1222
2439,1223
244,1224
2442,1225
2443,1226
2444,1227
2446,1228
2448,1229
2449,1230
245,1231
2452,1232
2453,1233
2454,1234
2455,1235
2456,1236
2459,1237
246,1238
2460,1239
2461,1240
2462,1241
2463,1242
2464,1243
2466,1244
2467,1245
2468,1246
247,1247
2470,1248
2472,1249
2473,1250
2475,1251
2478,1252
2479,1253
248,1254
2480,1255
2481,1256
2482,1257
2483,1258
2484,1259
2487,1260
2489,1261
249,1262
2490,1263
2492,1264
2493,1265
2494,1266
2495,1267
2496,1268
2497,1269
2498,1270
2499,1271
25,1272
250,1273
2502,1274
2504,1275
2505,1276
2506,1277
2507,1278
2509,1279
251,1280
2511,1281
2515,1282
2516,1283
2517,1284
2518,1285
252,1286
2520,1287
2521,1288
2522,1289
2523,1290
2524,1291
2526,1292
2527,1293
2528,1294
2529,1295
253,1296
2530,1297
2531,1298
2533,1299
2534,1300
2535,1301
2536,1302
2537,1303
2538,1304
254,1305
2540,1306
2541,1307
2542,1308
2543,1309
2544,1310
2545,1311
2546,1312
2548,1313
2549,1314
2550,1315
2551,1316
2552,1317
2554,1318
2555,1319
2557,1320
2558,1321
2559,1322
256,1323
2561,1324
2562,1325
2563,1326
2564,1327
2566,1328
2567,1329
2568,1330
2569,1331
257,1332
2570,1333
2571,1334
2573,1335
2574,1336
2575,1337
2576,1338
2577,1339
2578,1340
258,1341
2580,1342
2581,1343
2583,1344
2584,1345
2585,1346
2586,1347
2587,1348
2588,1349
2589,1350
259,1351
2590,1352
2591,1353
2592,1354
2593,1355
2594,1356
2595,1357
2596,1358
2598,1359
26,1360
260,1361
2601,1362
2602,1363
2603,1364
2604,1365
2605,1366
2606,1367
2607,1368
2608,1369
2609,1370
261,1371
2610,1372
2611,1373
2612,1374
2613,1375
2614,1376
2616,1377
2617,1378
2620,1379
2621,1380
2622,1381
2623,1382
2624,1383
2627,1384
2629,1385
263,1386
2630,1387
2631,1388
2632,1389
2633,1390
2634,1391
2635,1392
2636,1393
2637,1394
2638,1395
2639,1396
264,1397
2640,1398
2641,1399
2642,1400
2643,1401
2644,1402
2645,1403
2646,1404
2647,1405
2649,1406
265,1407
2650,1408
2651,1409
2652,1410
2653,1411
2654,1412
2658,1413
2659,1414
266,1415
2660,1416
2661,1417
2662,1418
2663,1419
2664,1420
2666,1421
2667,1422
2668,1423
2669,1424
267,1425
2670,1426
2671,1427
2672,1428
2673,1429
2674,1430
2675,1431
2676,1432
2677,1433
2678,1434
2679,1435
268,1436
2680,1437
2681,1438
2682,1439
2683,1440
2685,1441
2686,1442
2687,1443
2689,1444
269,1445
2690,1446
2691,1447
2692,1448
2693,1449
2694,1450
2695,1451
2697,1452
2698,1453
2699,1454
27,1455
2700,1456
2702,1457
2704,1458
2705,1459
2707,1460
2708,1461
2709,1462
271,1463
2711,1464
2712,1465
2713,1466
2714,1467
2716,1468
2717,1469
2718,1470
2719,1471
272,1472
2720,1473
2721,1474
2722,1475
2723,1476
2724,1477
2725,1478
2726,1479
2727,1480
2728,1481
2729,1482
273,1483
2730,1484
2731,1485
2732,1486
2733,1487
2734,1488
2735,1489
2736,1490
2737,1491
2739,1492
2741,1493
2742,1494
2743,1495
2745,1496
2746,1497
2748,1498
2749,1499
275,1500
2751,1501
2752,1502
2753,1503
2754,1504
2755,1505
2757,1506
2758,1507
276,1508
2760,1509
2762,1510
2763,1511
2764,1512
2766,1513
2767,1514
2768,1515
2769,1516
277,1517
2770,1518
2771,1519
2773,1520
2774,1521
2775,1522
2776,1523
2777,1524
2778,1525
2780,1526
2781,1527
2782,1528
2783,1529
2784,1530
2785,1531
2787,1532
2789,1533
279,1534
2790,1535
2791,1536
2792,1537
2794,1538
2795,1539
2796,1540
2797,1541
2798,1542
2799,1543
280,1544
2800,1545
2802,1546
2803,1547
2804,1548
2805,1549
2806,1550
2807,1551
2808,1552
2810,1553
2811,1554
2812,1555
2813,1556
2814,1557
2815,1558
282,1559
2820,1560
2821,1561
2822,1562
2823,1563
2824,1564
2826,1565
2827,1566
2828,1567
2832,1568
2834,1569
2835,1570
2836,1571
2837,1572
2838,1573
2839,1574
2840,1575
2841,1576
2842,1577
2843,1578
2844,1579
2845,1580
2848,1581
2849,1582
285,1583
2850,1584
2851,1585
2852,1586
2853,1587
2854,1588
2855,1589
2856,1590
2857,1591
2858,1592
2859,1593
286,1594
2860,1595
2861,1596
2864,1597
2865,1598
2867,1599
2868,1600
2869,1601
287,1602
2870,1603
2871,1604
2872,1605
2873,1606
2874,1607
2875,1608
2876,1609
2877,1610
2879,1611
288,1612
2880,1613
2882,1614
2884,1615
2886,1616
2887,1617
2888,1618
289,1619
2891,1620
2892,1621
2893,1622
2894,1623
2895,1624
2896,1625
2897,1626
2899,1627
29,1628
2900,1629
2901,1630
2902,1631
2903,1632
2904,1633
2905,1634
2908,1635
2909,1636
291,1637
2910,1638
2911,1639
2912,1640
2913,1641
2914,1642
2915,1643
2916,1644
2918,1645
2919,1646
292,1647
2920,1648
2921,1649
2922,1650
2923,1651
2924,1652
2925,1653
2926,1654
2927,1655
2928,1656
2929,1657
2930,1658
2931,1659
2932,1660
2933,1661
2934,1662
2935,1663
2936,1664
2937,1665
2938,1666
2939,1667
294,1668
2940,1669
2942,1670
2943,1671
2944,1672
2945,1673
2946,1674
2947,1675
2948,1676
295,1677
2950,1678
2951,1679
2952,1680
2953,1681
2955,1682
2956,1683
2957,1684
2958,1685
2959,1686
296,1687
2960,1688
2962,1689
2964,1690
2965,1691
2966,1692
2967,1693
2968,1694
2969,1695
2970,1696
2971,1697
2973,1698
2976,1699
2977,1700
2978,1701
2979,1702
298,1703
2980,1704
2981,1705
2982,1706
2983,1707
2984,1708
2985,1709
2986,1710
2987,1711
2988,1712
2989,1713
299,1714
2990,1715
2993,1716
2994,1717
2995,1718
2997,1719
2998,1720
2999,1721
3,1722
30,1723
300,1724
3000,1725
3001,1726
3002,1727
3003,1728
3004,1729
3005,1730
3006,1731
3007,1732
3008,1733
3009,1734
3012,1735
3013,1736
3014,1737
3015,1738
3016,1739
3017,1740
3018,1741
3019,1742
302,1743
3020,1744
3021,1745
3025,1746
3026,1747
3027,1748
3028,1749
3029,1750
303,1751
3030,1752
3032,1753
3033,1754
3034,1755
3036,1756
3037,1757
3039,1758
304,1759
3040,1760
3041,1761
3042,1762
3044,1763
3045,1764
3046,1765
3047,1766
3049,1767
3051,1768
3052,1769
3053,1770
3054,1771
3055,1772
3056,1773
3057,1774
3058,1775
3059,1776
306,1777
3060,1778
3061,1779
3062,1780
3064,1781
3065,1782
3066,1783
3067,1784
3069,1785
307,1786
3070,1787
3071,1788
3072,1789
3073,1790
3074,1791
3075,1792
3076,1793
3077,1794
3078,1795
3079,1796
308,1797
3080,1798
3081,1799
3083,1800
3085,1801
3086,1802
3087,1803
3088,1804
3089,1805
3091,1806
3092,1807
3093,1808
3094,1809
3095,1810
3097,1811
3098,1812
3099,1813
31,1814
310,1815
3101,1816
3102,1817
3103,1818
3107,1819
3108,1820
3109,1821
311,1822
3111,1823
3113,1824
3114,1825
3115,1826
3117,1827
3118,1828
3119,1829
3120,1830
3122,1831
3123,1832
3125,1833
3126,1834
3128,1835
3129,1836
3130,1837
3131,1838
3132,1839
3133,1840
3134,1841
3136,1842
3137,1843
3138,1844
3139,1845
314,1846
3140,1847
3141,1848
3142,1849
3143,1850
3144,1851
3145,1852
3146,1853
3147,1854
3149,1855
315,1856
3150,1857
3151,1858
3152,1859
3153,1860
3154,1861
3155,1862
3156,1863
3157,1864
3159,1865
316,1866
3160,1867
3161,1868
3162,1869
3164,1870
3165,1871
3166,1872
3167,1873
3168,1874
3169,1875
317,1876
3170,1877
3171,1878
3173,1879
3174,1880
3175,1881
3177,1882
3181,1883
3182,1884
3183,1885
3184,1886
3185,1887
3186,1888
3187,1889
3188,1890
3189,1891
319,1892
3191,1893
3192,1894
3193,1895
3194,1896
3195,1897
3196,1898
3197,1899
3198,1900
320,1901
3200,1902
3201,1903
3202,1904
3203,1905
3204,1906
3205,1907
3207,1908
3209,1909
321,1910
3210,1911
3211,1912
3212,1913
3214,1914
3215,1915
3216,1916
3217,1917
3218,1918
3219,1919
322,1920
3220,1921
3225,1922
3226,1923
3227,1924
3228,1925
3229,1926
323,1927
3230,1928
3231,1929
3233,1930
3234,1931
3235,1932
3236,1933
3237,1934
3239,1935
324,1936
3240,1937
3241,1938
3242,1939
3243,1940
3244,1941
3245,1942
3246,1943
3247,1944
3248,1945
325,1946
3250,1947
3251,1948
3252,1949
3253,1950
3254,1951
3255,1952
3256,1953
3257,1954
3258,1955
3259,1956
326,1957
3260,1958
3261,1959
3262,1960
3263,1961
3265,1962
3267,1963
3269,1964
327,1965
3270,1966
3271,1967
3274,1968
3275,1969
3276,1970
3277,1971
3278,1972
328,1973
3280,1974
3281,1975
3282,1976
3283,1977
3284,1978
3285,1979
3286,1980
3287,1981
3288,1982
3289,1983
329,1984
3290,1985
3291,1986
3292,1987
3294,1988
3295,1989
3296,1990
3298,1991
3299,1992
33,1993
330,1994
3303,1995
3304,1996
3305,1997
3307,1998
3308,1999
3309,2000
3312,2001
3314,2002
3315,2003
3316,2004
3319,2005
332,2006
3320,2007
3321,2008
3322,2009
3323,2010
3324,2011
3325,2012
3326,2013
3327,2014
3328,2015
3329,2016
3332,2017
3334,2018
3338,2019
3339,2020
3340,2021
3341,2022
3343,2023
3344,2024
3345,2025
3346,2026
3347,2027
3348,2028
3349,2029
335,2030
3352,2031
3354,2032
3355,2033
3356,2034
3357,2035
3358,2036
3359,2037
336,2038
3360,2039
3361,2040
3362,2041
3363,2042
3364,2043
3365,2044
3366,2045
3367,2046
3369,2047
337,2048
3371,2049
3372,2050
3374,2051
3375,2052
3377,2053
3379,2054
338,2055
3381,2056
3382,2057
3383,2058
3384,2059
3385,2060
3386,2061
3387,2062
3388,2063
3389,2064
339,2065
3390,2066
3391,2067
3393,2068
3395,2069
3396,2070
3397,2071
3398,2072
3399,2073
34,2074
340,2075
3400,2076
3401,2077
3402,2078
3403,2079
3406,2080
3408,2081
3409,2082
341,2083
3410,2084
3411,2085
3412,2086
3413,2087
3414,2088
3415,2089
3416,2090
3419,2091
342,2092
3421,2093
3422,2094
3423,2095
3424,2096
3425,2097
3426,2098
3427,2099
3428,2100
343,2101
3430,2102
3431,2103
3432,2104
3433,2105
3435,2106
3436,2107
3437,2108
3439,2109
344,2110
3440,2111
3441,2112
3442,2113
3443,2114
3444,2115
3446,2116
3447,2117
3448,2118
3449,2119
345,2120
3451,2121
3452,2122
3453,2123
3454,2124
3455,2125
3458,2126
3459,2127
346,2128
3460,2129
3461,2130
3463,2131
3464,2132
3465,2133
3466,2134
3468,2135
347,2136
3471,2137
3472,2138
3473,2139
3474,2140
3476,2141
3477,2142
3478,2143
3479,2144
3481,2145
3483,2146
3484,2147
3485,2148
3486,2149
3487,2150
3488,2151
3489,2152
349,2153
3490,2154
3491,2155
3493,2156
3494,2157
3496,2158
3497,2159
3498,2160
3499,2161
35,2162
350,2163
3501,2164
3502,2165
3503,2166
3504,2167
3505,2168
3508,2169
3509,2170
351,2171
3511,2172
3512,2173
3513,2174
3514,2175
3515,2176
3516,2177
3518,2178
352,2179
3521,2180
3522,2181
3523,2182
3524,2183
3525,2184
3526,2185
3528,2186
3529,2187
353,2188
3530,2189
3531,2190
3532,2191
3533,2192
3534,2193
3535,2194
3536,2195
3538,2196
3539,2197
354,2198
3540,2199
3541,2200
3542,2201
3543,2202
3544,2203
3545,2204
3546,2205
3547,2206
3548,2207
3549,2208
355,2209
3550,2210
3551,2211
3554,2212
3556,2213
3557,2214
3558,2215
3559,2216
3560,2217
3561,2218
3562,2219
3563,2220
3564,2221
3565,2222
3566,2223
3567,2224
3568,2225
3569,2226
357,2227
3570,2228
3574,2229
3575,2230
3576,2231
3578,2232
3579,2233
358,2234
3580,2235
3581,2236
3582,2237
3583,2238
3584,2239
3585,2240
3586,2241
3587,2242
3588,2243
3589,2244
359,2245
3592,2246
3593,2247
3594,2248
3595,2249
3597,2250
36,2251
360,2252
3600,2253
3601,2254
3602,2255
3603,2256
3604,2257
3605,2258
3606,2259
3607,2260
3608,2261
361,2262
3610,2263
3615,2264
3616,2265
3617,2266
3618,2267
3619,2268
362,2269
3621,2270
3622,2271
3623,2272
3626,2273
3627,2274
3628,2275
3629,2276
363,2277
3630,2278
3631,2279
3632,2280
3634,2281
3635,2282
3636,2283
3637,2284
3639,2285
3640,2286
3642,2287
3644,2288
3645,2289
3646,2290
3647,2291
3648,2292
3650,2293
3651,2294
3652,2295
3653,2296
3655,2297
3657,2298
3658,2299
3659,2300
366,2301
3660,2302
3663,2303
3664,2304
3666,2305
3668,2306
367,2307
3670,2308
3671,2309
3672,2310
3673,2311
3675,2312
3676,2313
3678,2314
368,2315
3680,2316
3681,2317
3682,2318
3683,2319
3684,2320
3686,2321
3687,2322
369,2323
3690,2324
3691,2325
3692,2326
3693,2327
3694,2328
3695,2329
3697,2330
3698,2331
370,2332
3701,2333
3702,2334
3703,2335
3705,2336
3706,2337
3709,2338
371,2339
3712,2340
3713,2341
3714,2342
3715,2343
3716,2344
3717,2345
3718,2346
3719,2347
3720,2348
3721,2349
3723,2350
3725,2351
3726,2352
3727,2353
3728,2354
3729,2355
373,2356
3730,2357
3731,2358
3732,2359
3733,2360
3735,2361
3736,2362
3739,2363
374,2364
3741,2365
3742,2366
3747,2367
3748,2368
375,2369
3750,2370
3751,2371
3752,2372
3753,2373
3754,2374
3755,2375
3756,2376
3757,2377
3759,2378
3760,2379
3761,2380
3763,2381
3765,2382
3766,2383
3767,2384
3769,2385
377,2386
3770,2387
3771,2388
3773,2389
3775,2390
3776,2391
3777,2392
3778,2393
3779,2394
378,2395
3780,2396
3781,2397
3784,2398
3785,2399
3787,2400
3788,2401
3789,2402
379,2403
3790,2404
3791,2405
3793,2406
3794,2407
3795,2408
3796,2409
3797,2410
380,2411
3800,2412
3801,2413
3802,2414
3803,2415
3804,2416
3805,2417
3806,2418
3807,2419
3808,2420
3809,2421
381,2422
3810,2423
3812,2424
3814,2425
3815,2426
3816,2427
3817,2428
3819,2429
3820,2430
3821,2431
3823,2432
3824,2433
3825,2434
3826,2435
3827,2436
3828,2437
3829,2438
383,2439
3830,2440
3831,2441
3833,2442
3836,2443
3837,2444
3838,2445
3839,2446
384,2447
3840,2448
3841,2449
3842,2450
3843,2451
3844,2452
3845,2453
3846,2454
3847,2455
3848,2456
3849,2457
385,2458
3850,2459
3851,2460
3852,2461
3853,2462
3855,2463
3856,2464
3857,2465
3858,2466
386,2467
3861,2468
3863,2469
3864,2470
3866,2471
3868,2472
3869,2473
387,2474
3870,2475
3871,2476
3872,2477
3873,2478
3874,2479
3877,2480
3878,2481
3879,2482
388,2483
3882,2484
3884,2485
3885,2486
3886,2487
3887,2488
3888,2489
3889,2490
389,2491
3890,2492
3891,2493
3892,2494
3893,2495
3894,2496
3895,2497
3896,2498
3897,2499
39,2500
390,2501
3901,2502
3902,2503
3903,2504
3904,2505
3905,2506
3906,2507
3907,2508
3908,2509
3909,2510
391,2511
3910,2512
3911,2513
3912,2514
3914,2515
3915,2516
3917,2517
3918,2518
3919,2519
3920,2520
3921,2521
3922,2522
3923,2523
3924,2524
3925,2525
3926,2526
3927,2527
3928,2528
3929,2529
3930,2530
3931,2531
3932,2532
3934,2533
3935,2534
3939,2535
394,2536
3940,2537
3941,2538
3942,2539
3943,2540
3944,2541
3945,2542
3946,2543
3947,2544
3948,2545
395,2546
3950,2547
3952,2548
3954,2549
3957,2550
3959,2551
396,2552
3960,2553
3961,2554
3962,2555
3963,2556
3964,2557
3965,2558
3967,2559
3968,2560
3969,2561
397,2562
3970,2563
3972,2564
3974,2565
3975,2566
3976,2567
3977,2568
3978,2569
3979,2570
398,2571
3981,2572
3982,2573
3983,2574
3984,2575
3985,2576
3986,2577
3987,2578
3988,2579
3989,2580
399,2581
3990,2582
3991,2583
3992,2584
3993,2585
3994,2586
3996,2587
3997,2588
3998,2589
3999,2590
4,2591
40,2592
400,2593
4000,2594
4001,2595
4002,2596
4003,2597
4006,2598
4007,2599
4008,2600
4009,2601
401,2602
4010,2603
4011,2604
4012,2605
4013,2606
4014,2607
4016,2608
4017,2609
4019,2610
4020,2611
4023,2612
4024,2613
4026,2614
4029,2615
403,2616
4030,2617
4033,2618
4035,2619
4036,2620
4037,2621
4038,2622
404,2623
4040,2624
4041,2625
4042,2626
4043,2627
4045,2628
4046,2629
4047,2630
4048,2631
4049,2632
405,2633
4050,2634
4051,2635
4052,2636
4055,2637
4056,2638
4057,2639
4058,2640
4059,2641
406,2642
4060,2643
4061,2644
4062,2645
4064,2646
4065,2647
4066,2648
4067,2649
4069,2650
407,2651
4070,2652
4071,2653
4072,2654
4074,2655
4075,2656
4076,2657
4077,2658
4078,2659
408,2660
4080,2661
4081,2662
4082,2663
4084,2664
4085,2665
4086,2666
4087,2667
4088,2668
4089,2669
409,2670
4090,2671
4091,2672
4094,2673
4095,2674
4097,2675
4098,2676
41,2677
4101,2678
4102,2679
4104,2680
4106,2681
4109,2682
411,2683
4110,2684
4111,2685
4112,2686
4113,2687
4114,2688
4115,2689
4116,2690
4118,2691
412,2692
4120,2693
4123,2694
4125,2695
4126,2696
4128,2697
413,2698
4130,2699
4131,2700
4132,2701
4133,2702
4135,2703
4137,2704
4138,2705
4139,2706
414,2707
4140,2708
4141,2709
4142,2710
4143,2711
4144,2712
4145,2713
4146,2714
4147,2715
4148,2716
4149,2717
415,2718
4150,2719
4151,2720
4153,2721
4154,2722
4155,2723
4156,2724
4157,2725
4158,2726
4159,2727
416,2728
4160,2729
4161,2730
4162,2731
4163,2732
4165,2733
4166,2734
4167,2735
4168,2736
4169,2737
4171,2738
4172,2739
4173,2740
4174,2741
4176,2742
4177,2743
418,2744
4180,2745
4181,2746
4182,2747
4183,2748
4184,2749
4185,2750
4186,2751
4187,2752
4188,2753
4189,2754
419,2755
4190,2756
4191,2757
4192,2758
4193,2759
4195,2760
4196,2761
4197,2762
4198,2763
4199,2764
42,2765
420,2766
4203,2767
4204,2768
4207,2769
4208,2770
4209,2771
4210,2772
4211,2773
4212,2774
4213,2775
4214,2776
4215,2777
4217,2778
4218,2779
4219,2780
422,2781
4220,2782
4221,2783
4222,2784
4223,2785
4224,2786
4225,2787
4226,2788
4228,2789
4229,2790
4230,2791
4231,2792
4232,2793
4233,2794
4234,2795
4235,2796
4237,2797
4239,2798
424,2799
4240,2800
4241,2801
4243,2802
4244,2803
4245,2804
4246,2805
4247,2806
4248,2807
4250,2808
4251,2809
4252,2810
4253,2811
4254,2812
4256,2813
4257,2814
4258,2815
4259,2816
426,2817
4260,2818
4261,2819
4262,2820
4263,2821
4264,2822
4265,2823
4266,2824
4267,2825
4268,2826
4269,2827
427,2828
4270,2829
4271,2830
4272,2831
4273,2832
4274,2833
4275,2834
4276,2835
4277,2836
4278,2837
428,2838
4280,2839
4281,2840
4282,2841
4283,2842
4284,2843
4285,2844
4286,2845
4287,2846
4288,2847
4289,2848
429,2849
4290,2850
4292,2851
4293,2852
4294,2853
4295,2854
4297,2855
4299,2856
43,2857
430,2858
4301,2859
4302,2860
4303,2861
4304,2862
4306,2863
4308,2864
4309,2865
431,2866
4310,2867
4311,2868
4312,2869
4314,2870
4315,2871
4316,2872
4317,2873
432,2874
4320,2875
4321,2876
4322,2877
4323,2878
4324,2879
4325,2880
4326,2881
4327,2882
4328,2883
4330,2884
4331,2885
4332,2886
4336,2887
4337,2888
4338,2889
4339,2890
434,2891
4340,2892
4342,2893
4343,2894
4344,2895
4345,2896
4346,2897
4347,2898
4348,2899
4349,2900
435,2901
4350,2902
4352,2903
4353,2904
4355,2905
4356,2906
4357,2907
436,2908
4360,2909
4363,2910
4364,2911
4366,2912
4368,2913
4369,2914
4370,2915
4371,2916
4372,2917
4373,2918
4374,2919
4375,2920
4376,2921
4377,2922
4379,2923
438,2924
4380,2925
4381,2926
4383,2927
4384,2928
4385,2929
4386,2930
4387,2931
4388,2932
4389,2933
4390,2934
4391,2935
4393,2936
4394,2937
4395,2938
4396,2939
4397,2940
4398,2941
4399,2942
44,2943
440,2944
4400,2945
4401,2946
4402,2947
4403,2948
4404,2949
4407,2950
4408,2951
4409,2952
441,2953
4410,2954
4411,2955
4412,2956
4414,2957
4416,2958
4417,2959
4418,2960
4419,2961
442,2962
4420,2963
4421,2964
4422,2965
4423,2966
4425,2967
4426,2968
4427,2969
4428,2970
4429,2971
443,2972
4430,2973
4432,2974
4433,2975
4434,2976
4436,2977
4437,2978
4438,2979
4439,2980
444,2981
4440,2982
4443,2983
4446,2984
4448,2985
4449,2986
445,2987
4450,2988
4451,2989
4453,2990
4455,2991
4456,2992
4458,2993
4459,2994
446,2995
4461,2996
4462,2997
4463,2998
4464,2999
4465,3000
4466,3001
4467,3002
4468,3003
4469,3004
447,3005
4471,3006
4472,3007
4473,3008
4474,3009
4475,3010
4476,3011
4477,3012
4478,3013
4479,3014
448,3015
4480,3016
4481,3017
4482,3018
4483,3019
4484,3020
4486,3021
4487,3022
4488,3023
4489,3024
449,3025
4490,3026
4492,3027
4494,3028
4496,3029
4497,3030
4498,3031
4499,3032
450,3033
4500,3034
4501,3035
4502,3036
4503,3037
4504,3038
4505,3039
4506,3040
4509,3041
451,3042
4510,3043
4511,3044
4512,3045
4514,3046
4516,3047
4517,3048
4518,3049
4519,3050
452,3051
4520,3052
4521,3053
4522,3054
4523,3055
4524,3056
4525,3057
4526,3058
4527,3059
4529,3060
453,3061
4532,3062
4533,3063
4535,3064
4536,3065
4537,3066
4539,3067
454,3068
4540,3069
4541,3070
4542,3071
4544,3072
4546,3073
4549,3074
455,3075
4550,3076
4551,3077
4554,3078
4555,3079
4556,3080
4557,3081
4558,3082
4559,3083
4560,3084
4561,3085
4564,3086
4565,3087
4566,3088
4567,3089
4568,3090
4569,3091
457,3092
4570,3093
4571,3094
4572,3095
4573,3096
4574,3097
4576,3098
4577,3099
4578,3100
4579,3101
458,3102
4580,3103
4581,3104
4582,3105
4585,3106
4586,3107
4587,3108
459,3109
4590,3110
4591,3111
4592,3112
4593,3113
4594,3114
4595,3115
4597,3116
4598,3117
4599,3118
46,3119
460,3120
4600,3121
4601,3122
4602,3123
4603,3124
4604,3125
4605,3126
4607,3127
4608,3128
4609,3129
461,3130
4610,3131
4611,3132
4612,3133
4613,3134
4614,3135
4615,3136
4616,3137
4617,3138
4618,3139
4619,3140
4620,3141
4621,3142
4622,3143
4623,3144
4624,3145
4625,3146
4626,3147
4627,3148
4628,3149
4629,3150
463,3151
4631,3152
4633,3153
4634,3154
4635,3155
4637,3156
4638,3157
4639,3158
464,3159
4640,3160
4641,3161
4642,3162
4643,3163
4644,3164
4647,3165
4649,3166
465,3167
4650,3168
4651,3169
4652,3170
4653,3171
4654,3172
4655,3173
4656,3174
4657,3175
4659,3176
466,3177
4660,3178
4662,3179
4663,3180
4664,3181
4665,3182
4666,3183
4667,3184
4669,3185
467,3186
4670,3187
4671,3188
4672,3189
4673,3190
4675,3191
4677,3192
4678,3193
4679,3194
4680,3195
4681,3196
4682,3197
4683,3198
4684,3199
4685,3200
4687,3201
4688,3202
4689,3203
469,3204
4690,3205
4691,3206
4693,3207
4694,3208
4695,3209
4696,3210
4698,3211
4699,3212
470,3213
4701,3214
4703,3215
4704,3216
4705,3217
4706,3218
4707,3219
4708,3220
4709,3221
471,3222
4710,3223
4711,3224
4712,3225
4713,3226
4714,3227
4715,3228
4716,3229
4717,3230
4719,3231
472,3232
4720,3233
4721,3234
4722,3235
4723,3236
4724,3237
4725,3238
4726,3239
4727,3240
4728,3241
4729,3242
473,3243
4730,3244
4731,3245
4732,3246
4733,3247
4734,3248
4736,3249
4737,3250
4738,3251
4739,3252
474,3253
4740,3254
4741,3255
4742,3256
4743,3257
4744,3258
4745,3259
4746,3260
4747,3261
4748,3262
4749,3263
475,3264
4750,3265
4751,3266
4752,3267
4753,3268
4754,3269
4755,3270
4756,3271
4758,3272
4759,3273
476,3274
4760,3275
4761,3276
4762,3277
4763,3278
4764,3279
4765,3280
477,3281
4771,3282
4773,3283
4774,3284
4778,3285
4779,3286
478,3287
4781,3288
4782,3289
4783,3290
4785,3291
4786,3292
4787,3293
4788,3294
4789,3295
479,3296
4792,3297
4793,3298
4794,3299
4795,3300
4797,3301
4798,3302
4799,3303
48,3304
480,3305
4800,3306
4801,3307
4802,3308
4803,3309
4805,3310
4807,3311
4808,3312
4809,3313
481,3314
4810,3315
4812,3316
4813,3317
4815,3318
4816,3319
4818,3320
4819,3321
482,3322
4820,3323
4821,3324
4822,3325
4823,3326
4824,3327
4825,3328
4826,3329
4827,3330
4828,3331
483,3332
4830,3333
4832,3334
4834,3335
4835,3336
4838,3337
4839,3338
484,3339
4840,3340
4841,3341
4842,3342
4843,3343
4844,3344
4845,3345
4846,3346
4847,3347
4848,3348
4849,3349
4850,3350
4851,3351
4852,3352
4853,3353
4854,3354
4855,3355
4856,3356
4857,3357
4858,3358
4859,3359
486,3360
4860,3361
4861,3362
4862,3363
4863,3364
4864,3365
4865,3366
4867,3367
4868,3368
4869,3369
487,3370
4870,3371
4871,3372
4872,3373
4873,3374
4874,3375
4875,3376
4876,3377
4877,3378
4878,3379
4879,3380
488,3381
4880,3382
4881,3383
4882,3384
4884,3385
4885,3386
4886,3387
4888,3388
4889,3389
489,3390
4890,3391
4891,3392
4892,3393
4893,3394
4895,3395
4896,3396
4897,3397
4898,3398
4899,3399
49,3400
490,3401
4900,3402
4901,3403
4902,3404
4903,3405
4907,3406
4908,3407
4909,3408
491,3409
4910,3410
4911,3411
4912,3412
4914,3413
4915,3414
4916,3415
4917,3416
4921,3417
4922,3418
4923,3419
4924,3420
4925,3421
4926,3422
4928,3423
4929,3424
4930,3425
4931,3426
4932,3427
4933,3428
4934,3429
4935,3430
4936,3431
4937,3432
4938,3433
4939,3434
494,3435
4941,3436
4942,3437
4943,3438
4945,3439
4946,3440
4947,3441
4948,3442
4949,3443
495,3444
4950,3445
4952,3446
4953,3447
4955,3448
4956,3449
4957,3450
4958,3451
4959,3452
496,3453
4961,3454
4962,3455
4963,3456
4964,3457
4965,3458
4966,3459
4967,3460
4968,3461
497,3462
4970,3463
4971,3464
4973,3465
4974,3466
4975,3467
4977,3468
498,3469
4981,3470
4983,3471
4984,3472
4985,3473
4986,3474
4987,3475
4988,3476
499,3477
4991,3478
4993,3479
4994,3480
4995,3481
4996,3482
4997,3483
4998,3484
4999,3485
5,3486
50,3487
500,3488
5000,3489
5001,3490
5002,3491
5003,3492
5005,3493
5006,3494
5008,3495
5009,3496
501,3497
5011,3498
5012,3499
5013,3500
5014,3501
5015,3502
5016,3503
5017,3504
5018,3505
5019,3506
502,3507
5021,3508
5023,3509
5024,3510
5025,3511
5026,3512
5027,3513
5028,3514
503,3515
5030,3516
5031,3517
5032,3518
5033,3519
5034,3520
5036,3521
5038,3522
504,3523
5041,3524
5042,3525
5043,3526
5044,3527
5045,3528
5046,3529
5047,3530
5049,3531
505,3532
5050,3533
5052,3534
5053,3535
5054,3536
5055,3537
5056,3538
5057,3539
5058,3540
506,3541
5060,3542
5061,3543
5062,3544
5063,3545
5064,3546
5065,3547
5066,3548
5067,3549
5068,3550
5069,3551
507,3552
5070,3553
5073,3554
5074,3555
5075,3556
5076,3557
5077,3558
5078,3559
5079,3560
508,3561
5081,3562
5082,3563
5083,3564
5084,3565
5085,3566
5087,3567
5088,3568
5089,3569
5091,3570
5093,3571
5094,3572
5096,3573
5097,3574
5099,3575
51,3576
5100,3577
5104,3578
5106,3579
5107,3580
5108,3581
511,3582
5110,3583
5111,3584
5112,3585
5113,3586
5116,3587
5118,3588
5120,3589
5121,3590
5122,3591
5124,3592
5125,3593
5126,3594
5127,3595
5129,3596
513,3597
5131,3598
5133,3599
5134,3600
5135,3601
5136,3602
5137,3603
5138,3604
5139,3605
514,3606
5140,3607
5141,3608
5142,3609
5143,3610
5144,3611
5145,3612
5146,3613
5149,3614
515,3615
5150,3616
5151,3617
5152,3618
5153,3619
5154,3620
5156,3621
5157,3622
5158,3623
5159,3624
516,3625
5160,3626
5161,3627
5162,3628
5163,3629
5165,3630
5166,3631
5167,3632
5168,3633
517,3634
5170,3635
5172,3636
5173,3637
5174,3638
5175,3639
5177,3640
5178,3641
5179,3642
518,3643
5180,3644
5181,3645
5182,3646
5183,3647
5184,3648
5185,3649
5186,3650
5187,3651
5188,3652
519,3653
5190,3654
5191,3655
5192,3656
5194,3657
5196,3658
5197,3659
5198,3660
5199,3661
5203,3662
5204,3663
5205,3664
5206,3665
5207,3666
5208,3667
521,3668
5210,3669
5211,3670
5212,3671
5213,3672
5214,3673
5215,3674
5217,3675
5218,3676
522,3677
5220,3678
5222,3679
5223,3680
5224,3681
5225,3682
5227,3683
5228,3684
5229,3685
5230,3686
5231,3687
5233,3688
5235,3689
5238,3690
5239,3691
5240,3692
5241,3693
5243,3694
5244,3695
5247,3696
5248,3697
5249,3698
525,3699
5250,3700
5252,3701
5254,3702
5255,3703
5256,3704
5257,3705
5258,3706
5259,3707
526,3708
5260,3709
5262,3710
5263,3711
5264,3712
5265,3713
5266,3714
527,3715
5273,3716
5274,3717
5275,3718
5276,3719
5278,3720
5279,3721
528,3722
5280,3723
5281,3724
5282,3725
5283,3726
5285,3727
5287,3728
5288,3729
5289,3730
529,3731
5290,3732
5291,3733
5292,3734
5293,3735
5294,3736
5296,3737
5299,3738
53,3739
530,3740
5300,3741
5301,3742
5304,3743
5305,3744
5306,3745
5307,3746
5308,3747
531,3748
5310,3749
5311,3750
5312,3751
5313,3752
5314,3753
5315,3754
5316,3755
5317,3756
5318,3757
5319,3758
532,3759
5322,3760
5323,3761
5325,3762
5326,3763
5327,3764
5330,3765
5331,3766
5332,3767
5333,3768
5334,3769
5336,3770
5337,3771
5339,3772
534,3773
5340,3774
5341,3775
5342,3776
5343,3777
5344,3778
5345,3779
5346,3780
5347,3781
5349,3782
535,3783
5350,3784
5352,3785
5353,3786
5355,3787
5356,3788
5357,3789
5359,3790
536,3791
5361,3792
5362,3793
5363,3794
5366,3795
5368,3796
5370,3797
5371,3798
5372,3799
5373,3800
5374,3801
5375,3802
5376,3803
5377,3804
5379,3805
538,3806
5380,3807
5382,3808
5384,3809
5385,3810
5387,3811
5388,3812
5389,3813
5390,3814
5392,3815
5393,3816
5395,3817
5396,3818
5397,3819
5398,3820
5399,3821
54,3822
540,3823
5400,3824
5401,3825
5403,3826
5404,3827
5405,3828
5406,3829
5407,3830
5408,3831
5409,3832
541,3833
5411,3834
5412,3835
5413,3836
5414,3837
5416,3838
5418,3839
5419,3840
542,3841
5422,3842
5423,3843
5424,3844
5425,3845
5426,3846
5427,3847
5429,3848
543,3849
5430,3850
5431,3851
5432,3852
5433,3853
5434,3854
5436,3855
5437,3856
5438,3857
5439,3858
544,3859
5442,3860
5443,3861
5445,3862
5446,3863
5447,3864
5448,3865
5449,3866
545,3867
5450,3868
5451,3869
5452,3870
5453,3871
5455,3872
5456,3873
5458,3874
546,3875
5462,3876
5463,3877
5465,3878
5466,3879
5467,3880
5468,3881
5469,3882
547,3883
5472,3884
5474,3885
5475,3886
5477,3887
5478,3888
548,3889
5481,3890
5482,3891
5483,3892
5484,3893
5486,3894
5487,3895
5488,3896
5489,3897
549,3898
5491,3899
5493,3900
5495,3901
5496,3902
5497,3903
5498,3904
55,3905
5500,3906
5501,3907
5502,3908
5505,3909
5506,3910
5507,3911
5509,3912
551,3913
5510,3914
5511,3915
5512,3916
5513,3917
5514,3918
5515,3919
5516,3920
5517,3921
5518,3922
5519,3923
552,3924
5521,3925
5522,3926
5523,3927
5524,3928
5526,3929
5527,3930
5528,3931
5529,3932
553,3933
5530,3934
5532,3935
5534,3936
5535,3937
5536,3938
5537,3939
5538,3940
5539,3941
554,3942
5540,3943
5541,3944
5542,3945
5545,3946
5546,3947
5547,3948
5548,3949
5549,3950
555,3951
5550,3952
5553,3953
5554,3954
5555,3955
5556,3956
5557,3957
5558,3958
5559,3959
5560,3960
5561,3961
5562,3962
5563,3963
5564,3964
5567,3965
5568,3966
5569,3967
5572,3968
5573,3969
5574,3970
5575,3971
5579,3972
558,3973
5580,3974
5582,3975
5583,3976
5584,3977
5585,3978
5586,3979
5587,3980
559,3981
5590,3982
5591,3983
5592,3984
5594,3985
5595,3986
5596,3987
5597,3988
5598,3989
5599,3990
560,3991
5600,3992
5602,3993
5604,3994
5605,3995
5607,3996
5608,3997
5609,3998
561,3999
5611,4000
5612,4001
5613,4002
5614,4003
5615,4004
5616,4005
5617,4006
5619,4007
562,4008
5620,4009
5621,4010
5622,4011
5624,4012
5625,4013
5626,4014
5628,4015
5629,4016
563,4017
5630,4018
5631,4019
5632,4020
5633,4021
5634,4022
5637,4023
5639,4024
564,4025
5640,4026
5642,4027
5643,4028
5645,4029
5647,4030
5648,4031
5649,4032
565,4033
5650,4034
5651,4035
5652,4036
5653,4037
5656,4038
5657,4039
5658,4040
5659,4041
566,4042
5661,4043
5662,4044
5663,4045
5664,4046
5667,4047
5668,4048
5669,4049
567,4050
5670,4051
5672,4052
5674,4053
5675,4054
5677,4055
5678,4056
568,4057
5680,4058
5681,4059
5682,4060
5684,4061
5685,4062
5686,4063
5687,4064
5688,4065
5689,4066
569,4067
5690,4068
5691,4069
5692,4070
5694,4071
5695,4072
5696,4073
5697,4074
5698,4075
5699,4076
57,4077
570,4078
5700,4079
5701,4080
5702,4081
5703,4082
5705,4083
5706,4084
5707,4085
5708,4086
5709,4087
5710,4088
5712,4089
5713,4090
5714,4091
5715,4092
5716,4093
5718,4094
572,4095
5720,4096
5721,4097
5722,4098
5723,4099
5724,4100
5726,4101
5727,4102
5728,4103
5729,4104
5730,4105
5731,4106
5732,4107
5733,4108
5734,4109
5735,4110
5736,4111
5737,4112
5740,4113
5741,4114
5742,4115
5743,4116
5744,4117
5745,4118
5746,4119
5747,4120
575,4121
5751,4122
5752,4123
5753,4124
5754,4125
5755,4126
5756,4127
5757,4128
5758,4129
5759,4130
576,4131
5761,4132
5762,4133
5763,4134
5765,4135
5766,4136
5769,4137
577,4138
5771,4139
5772,4140
5773,4141
5774,4142
5776,4143
5777,4144
5779,4145
578,4146
5780,4147
5785,4148
5787,4149
5788,4150
5789,4151
5790,4152
5793,4153
5794,4154
5795,4155
5796,4156
5797,4157
5798,4158
5799,4159
58,4160
580,4161
5801,4162
5802,4163
5805,4164
5806,4165
5807,4166
5808,4167
5809,4168
581,4169
5810,4170
5812,4171
5813,4172
5815,4173
5816,4174
5817,4175
5818,4176
5819,4177
582,4178
5820,4179
5821,4180
5823,4181
5824,4182
5825,4183
5827,4184
5829,4185
583,4186
5830,4187
5831,4188
5832,4189
5833,4190
5834,4191
5835,4192
5836,4193
5837,4194
5838,4195
584,4196
5840,4197
5841,4198
5842,4199
5843,4200
5844,4201
5845,4202
5846,4203
5848,4204
585,4205
5850,4206
5851,4207
5852,4208
5853,4209
5854,4210
5855,4211
5856,4212
5857,4213
5858,4214
5859,4215
586,4216
5860,4217
5861,4218
5862,4219
5863,4220
5864,4221
5865,4222
5866,4223
5867,4224
5868,4225
5869,4226
587,4227
5870,4228
5871,4229
5872,4230
5873,4231
5874,4232
5875,4233
5876,4234
5878,4235
588,4236
5880,4237
5881,4238
5882,4239
5884,4240
5886,4241
5887,4242
5889,4243
589,4244
5890,4245
5891,4246
5895,4247
5896,4248
5897,4249
5898,4250
5899,4251
59,4252
590,4253
5900,4254
5902,4255
5904,4256
5905,4257
5906,4258
5907,4259
5908,4260
5909,4261
591,4262
5910,4263
5912,4264
5913,4265
5914,4266
5915,4267
5916,4268
5917,4269
5918,4270
5919,4271
5920,4272
5921,4273
5924,4274
5925,4275
5926,4276
5927,4277
5928,4278
5929,4279
593,4280
5930,4281
5931,4282
5932,4283
5934,4284
5935,4285
5936,4286
5937,4287
5939,4288
5940,4289
5942,4290
5943,4291
5945,4292
5946,4293
5947,4294
5949,4295
595,4296
5950,4297
5951,4298
5952,4299
5953,4300
5954,4301
5958,4302
5959,4303
596,4304
5960,4305
5963,4306
5964,4307
5965,4308
5967,4309
5968,4310
5969,4311
597,4312
5970,4313
5971,4314
5973,4315
5974,4316
5976,4317
5978,4318
598,4319
5980,4320
5984,4321
5985,4322
5986,4323
5988,4324
5990,4325
5991,4326
5992,4327
5994,4328
5995,4329
5996,4330
5997,4331
5998,4332
5999,4333
6,4334
600,4335
6001,4336
6002,4337
6004,4338
6005,4339
6006,4340
6007,4341
6009,4342
601,4343
6011,4344
6012,4345
6013,4346
6014,4347
6015,4348
6016,4349
6017,4350
6020,4351
6021,4352
6022,4353
6024,4354
6025,4355
6026,4356
6028,4357
6029,4358
603,4359
6030,4360
6031,4361
6032,4362
6034,4363
6035,4364
6037,4365
6038,4366
6039,4367
604,4368
6040,4369
6041,4370
6042,4371
6044,4372
6045,4373
6046,4374
6048,4375
6049,4376
6050,4377
6051,4378
6053,4379
6055,4380
6056,4381
6057,4382
6058,4383
6059,4384
606,4385
6060,4386
6062,4387
6063,4388
6065,4389
6067,4390
6068,4391
6069,4392
607,4393
6070,4394
6071,4395
6072,4396
6074,4397
6075,4398
6077,4399
6079,4400
6081,4401
6082,4402
6083,4403
6084,4404
6085,4405
6086,4406
6087,4407
6089,4408
609,4409
6090,4410
6094,4411
6095,4412
6096,4413
6097,4414
6099,4415
61,4416
610,4417
6100,4418
6101,4419
6102,4420
6103,4421
6104,4422
6106,4423
6108,4424
6109,4425
611,4426
6110,4427
6111,4428
6112,4429
6113,4430
6115,4431
6116,4432
6117,4433
6118,4434
6119,4435
6120,4436
6122,4437
6125,4438
6126,4439
6128,4440
613,4441
6130,4442
6131,4443
6133,4444
6135,4445
6136,4446
6137,4447
6138,4448
614,4449
6143,4450
6145,4451
6146,4452
6147,4453
6148,4454
6149,4455
615,4456
6150,4457
6152,4458
6154,4459
6156,4460
6157,4461
6158,4462
6159,4463
616,4464
6161,4465
6162,4466
6163,4467
6164,4468
6165,4469
6166,4470
6167,4471
6170,4472
6171,4473
6172,4474
6173,4475
6174,4476
6175,4477
6176,4478
6177,4479
6179,4480
618,4481
6180,4482
6182,4483
6184,4484
6185,4485
6186,4486
6187,4487
6188,4488
6189,4489
619,4490
6190,4491
6191,4492
6192,4493
6193,4494
6194,4495
6195,4496
6196,4497
6197,4498
6199,4499
62,4500
620,4501
6201,4502
6202,4503
6203,4504
6204,4505
6206,4506
6207,4507
6209,4508
621,4509
6211,4510
6212,4511
6213,4512
6214,4513
6215,4514
6216,4515
6217,4516
6218,4517
6219,4518
622,4519
6220,4520
6221,4521
6222,4522
6223,4523
6225,4524
6226,4525
6227,4526
6228,4527
623,4528
6230,4529
6231,4530
6232,4531
6234,4532
6235,4533
6236,4534
6237,4535
6238,4536
6239,4537
624,4538
6240,4539
6242,4540
6243,4541
6244,4542
6245,4543
6247,4544
6248,4545
6249,4546
625,4547
6250,4548
6251,4549
6252,4550
6253,4551
6254,4552
6255,4553
6257,4554
6258,4555
6259,4556
6261,4557
6262,4558
6263,4559
6264,4560
6265,4561
6266,4562
6267,4563
6268,4564
6269,4565
627,4566
6270,4567
6271,4568
6272,4569
6273,4570
6275,4571
6276,4572
6277,4573
6278,4574
6279,4575
628,4576
6280,4577
6281,4578
6283,4579
6284,4580
6285,4581
6286,4582
6287,4583
629,4584
6291,4585
6293,4586
6294,4587
6297,4588
6298,4589
6299,4590
63,4591
630,4592
6300,4593
6301,4594
6302,4595
6303,4596
6304,4597
6305,4598
6306,4599
6308,4600
631,4601
6310,4602
6311,4603
6312,4604
6314,4605
6315,4606
6316,4607
6317,4608
6318,4609
6319,4610
6320,4611
6321,4612
6322,4613
6323,4614
6324,4615
6325,4616
6326,4617
6327,4618
6328,4619
6329,4620
6330,4621
6331,4622
6332,4623
6333,4624
6334,4625
6335,4626
6338,4627
6339,4628
6340,4629
6341,4630
6342,4631
6343,4632
6344,4633
6346,4634
6347,4635
6348,4636
6349,4637
635,4638
6351,4639
6353,4640
6354,4641
6355,4642
6356,4643
6357,4644
6358,4645
6359,4646
636,4647
6362,4648
6363,4649
6366,4650
637,4651
6370,4652
6371,4653
6372,4654
6373,4655
6374,4656
6375,4657
6376,4658
6377,4659
638,4660
6380,4661
6383,4662
6384,4663
6385,4664
6386,4665
6387,4666
6388,4667
639,4668
6390,4669
6391,4670
6392,4671
6393,4672
6394,4673
6395,4674
6396,4675
6398,4676
6399,4677
64,4678
640,4679
6400,4680
6401,4681
6402,4682
6404,4683
6405,4684
6406,4685
6408,4686
6409,4687
6410,4688
6411,4689
6412,4690
6413,4691
6415,4692
6416,4693
6417,4694
6418,4695
6419,4696
6420,4697
6421,4698
6423,4699
6424,4700
6425,4701
6426,4702
6427,4703
6429,4704
643,4705
6430,4706
6431,4707
6432,4708
6434,4709
6435,4710
6436,4711
6437,4712
6438,4713
6439,4714
644,4715
6440,4716
6441,4717
6442,4718
6444,4719
6445,4720
6447,4721
6448,4722
6449,4723
6450,4724
6451,4725
6452,4726
6454,4727
6455,4728
6456,4729
6457,4730
6458,4731
6459,4732
646,4733
6460,4734
6461,4735
6462,4736
6463,4737
6464,4738
6466,4739
6467,4740
6468,4741
6469,4742
647,4743
6470,4744
6472,4745
6473,4746
6474,4747
6476,4748
6477,4749
6479,4750
6481,4751
6482,4752
6484,4753
6485,4754
6486,4755
6487,4756
6488,4757
6489,4758
649,4759
6490,4760
6491,4761
6492,4762
6493,4763
6494,4764
6495,4765
6496,4766
6497,4767
6498,4768
6499,4769
65,4770
650,4771
6500,4772
6502,4773
6504,4774
6505,4775
6506,4776
6507,4777
6508,4778
6509,4779
651,4780
6510,4781
6511,4782
6512,4783
6514,4784
6516,4785
6517,4786
6518,4787
6519,4788
652,4789
6521,4790
6522,4791
6523,4792
6524,4793
6525,4794
6526,4795
6527,4796
6528,4797
6529,4798
653,4799
6530,4800
6531,4801
6533,4802
6534,4803
6535,4804
6536,4805
6537,4806
6538,4807
6539,4808
654,4809
6540,4810
6542,4811
6543,4812
6544,4813
6545,4814
6549,4815
655,4816
6551,4817
6552,4818
6553,4819
6554,4820
6555,4821
6556,4822
6558,4823
6559,4824
656,4825
6560,4826
6561,4827
6563,4828
6564,4829
6565,4830
6566,4831
6568,4832
6569,4833
657,4834
6570,4835
6571,4836
6572,4837
6573,4838
6574,4839
6575,4840
6576,4841
6577,4842
6578,4843
658,4844
6581,4845
6582,4846
6584,4847
6585,4848
6586,4849
6587,4850
6588,4851
6589,4852
659,4853
6590,4854
6591,4855
6592,4856
6593,4857
6594,4858
6595,4859
6596,4860
6597,4861
6599,4862
66,4863
660,4864
6600,4865
6601,4866
6603,4867
6604,4868
6605,4869
6607,4870
6609,4871
661,4872
6610,4873
6611,4874
6612,4875
6614,4876
6615,4877
6616,4878
6618,4879
6619,4880
662,4881
6620,4882
6621,4883
6622,4884
6623,4885
6624,4886
6626,4887
6627,4888
6629,4889
663,4890
6630,4891
6631,4892
6633,4893
6634,4894
6636,4895
6638,4896
6639,4897
664,4898
6640,4899
6641,4900
6642,4901
6644,4902
6645,4903
6646,4904
6647,4905
6648,4906
6649,4907
665,4908
6650,4909
6651,4910
6652,4911
6653,4912
6655,4913
6657,4914
6659,4915
666,4916
6660,4917
6661,4918
6663,4919
6664,4920
6666,4921
6667,4922
6668,4923
6669,4924
667,4925
6671,4926
6673,4927
6674,4928
6675,4929
6676,4930
6677,4931
6678,4932
6679,4933
668,4934
6680,4935
6681,4936
6682,4937
6683,4938
6684,4939
6685,4940
6686,4941
6688,4942
6689,4943
669,4944
6690,4945
6694,4946
6695,4947
6696,4948
6697,4949
6698,4950
67,4951
670,4952
6700,4953
6701,4954
6702,4955
6703,4956
6704,4957
6705,4958
6706,4959
6707,4960
6708,4961
671,4962
6711,4963
6712,4964
6714,4965
6715,4966
6716,4967
6717,4968
6718,4969
6719,4970
672,4971
6720,4972
6722,4973
6723,4974
6724,4975
6725,4976
6727,4977
6728,4978
6729,4979
673,4980
6730,4981
6731,4982
6733,4983
6734,4984
6735,4985
6736,4986
6737,4987
6738,4988
6739,4989
6740,4990
6741,4991
6742,4992
6743,4993
6744,4994
6745,4995
6746,4996
675,4997
6750,4998
6751,4999
6754,5000
6755,5001
6756,5002
6757,5003
6758,5004
6759,5005
676,5006
6760,5007
6761,5008
6762,5009
6763,5010
6764,5011
6765,5012
6766,5013
677,5014
6770,5015
6771,5016
6772,5017
6773,5018
6774,5019
6775,5020
6776,5021
6777,5022
6778,5023
6780,5024
6781,5025
6782,5026
6783,5027
6785,5028
6786,5029
6789,5030
6790,5031
6791,5032
6792,5033
6793,5034
6794,5035
6795,5036
68,5037
680,5038
6800,5039
6801,5040
6802,5041
6803,5042
6804,5043
6805,5044
6807,5045
6808,5046
6809,5047
681,5048
6810,5049
6811,5050
6812,5051
6814,5052
6815,5053
6816,5054
6817,5055
6818,5056
682,5057
6820,5058
6821,5059
6825,5060
6826,5061
6827,5062
6829,5063
683,5064
6830,5065
6832,5066
6833,5067
6834,5068
6835,5069
6836,5070
6837,5071
6838,5072
6839,5073
684,5074
6840,5075
6841,5076
6842,5077
6843,5078
6844,5079
6845,5080
6846,5081
6847,5082
6848,5083
685,5084
6850,5085
6852,5086
6854,5087
6856,5088
6857,5089
6858,5090
6859,5091
686,5092
6860,5093
6862,5094
6863,5095
6864,5096
6865,5097
6866,5098
6867,5099
6869,5100
687,5101
6870,5102
6871,5103
6872,5104
6873,5105
6875,5106
6876,5107
6877,5108
6878,5109
6879,5110
688,5111
6880,5112
6881,5113
6882,5114
6883,5115
6884,5116
6885,5117
6886,5118
6887,5119
6888,5120
6889,5121
689,5122
6890,5123
6891,5124
6892,5125
6895,5126
6896,5127
6897,5128
6898,5129
6899,5130
69,5131
690,5132
6900,5133
6902,5134
6903,5135
6905,5136
6906,5137
6907,5138
6908,5139
6909,5140
691,5141
6910,5142
6911,5143
6912,5144
6913,5145
6914,5146
6915,5147
6917,5148
6918,5149
6920,5150
6922,5151
6923,5152
6924,5153
6925,5154
6926,5155
693,5156
6931,5157
6932,5158
6934,5159
6935,5160
6936,5161
6938,5162
6939,5163
694,5164
6940,5165
6941,5166
6942,5167
6945,5168
6946,5169
6949,5170
6952,5171
6954,5172
6956,5173
6957,5174
6959,5175
696,5176
6961,5177
6964,5178
6965,5179
6966,5180
6967,5181
6968,5182
6969,5183
697,5184
6972,5185
6973,5186
6974,5187
6975,5188
6976,5189
6977,5190
6978,5191
6979,5192
6981,5193
6982,5194
6984,5195
6985,5196
6988,5197
6989,5198
699,5199
6990,5200
6991,5201
6992,5202
6993,5203
6994,5204
6995,5205
6996,5206
6997,5207
6998,5208
7,5209
70,5210
700,5211
7000,5212
7001,5213
7002,5214
7003,5215
7005,5216
7006,5217
7007,5218
7008,5219
7009,5220
701,5221
7010,5222
7012,5223
7013,5224
7014,5225
7015,5226
7016,5227
7017,5228
7018,5229
7019,5230
702,5231
7022,5232
7023,5233
7024,5234
7025,5235
7026,5236
7027,5237
7028,5238
7029,5239
703,5240
7031,5241
7032,5242
7035,5243
7036,5244
7037,5245
7038,5246
7039,5247
704,5248
7040,5249
7041,5250
7042,5251
7043,5252
7045,5253
7046,5254
7047,5255
7048,5256
7049,5257
705,5258
7050,5259
7051,5260
7052,5261
7053,5262
7055,5263
7057,5264
7059,5265
706,5266
7060,5267
7061,5268
7062,5269
7063,5270
7064,5271
7065,5272
7066,5273
7068,5274
707,5275
7070,5276
7073,5277
7074,5278
7075,5279
7076,5280
7077,5281
7078,5282
7079,5283
708,5284
7080,5285
7081,5286
7082,5287
7083,5288
7084,5289
7085,5290
7086,5291
7088,5292
7089,5293
709,5294
7090,5295
7091,5296
7092,5297
7093,5298
7095,5299
7096,5300
7097,5301
7098,5302
7099,5303
71,5304
7100,5305
7101,5306
7102,5307
7106,5308
7107,5309
711,5310
7110,5311
7111,5312
7113,5313
7114,5314
7116,5315
7117,5316
7118,5317
712,5318
7121,5319
7122,5320
7123,5321
7124,5322
7125,5323
7126,5324
7127,5325
7128,5326
7129,5327
7131,5328
7132,5329
7134,5330
7135,5331
7136,5332
7137,5333
7138,5334
7140,5335
7141,5336
7143,5337
7145,5338
7147,5339
7148,5340
7149,5341
715,5342
7150,5343
7151,5344
7152,5345
7153,5346
7154,5347
7155,5348
7156,5349
7158,5350
7159,5351
716,5352
7160,5353
7162,5354
7163,5355
7164,5356
7165,5357
7166,5358
7168,5359
717,5360
7171,5361
7172,5362
7173,5363
7174,5364
7175,5365
7176,5366
7178,5367
7179,5368
718,5369
7180,5370
7181,5371
7182,5372
7183,5373
7184,5374
7185,5375
7186,5376
7187,5377
7188,5378
719,5379
7190,5380
7193,5381
7194,5382
7195,5383
7197,5384
7198,5385
720,5386
7201,5387
7202,5388
7204,5389
7205,5390
7206,5391
7207,5392
7208,5393
7209,5394
721,5395
7211,5396
7212,5397
7213,5398
7214,5399
7215,5400
7216,5401
7217,5402
7218,5403
7219,5404
722,5405
7222,5406
7226,5407
7227,5408
7228,5409
7229,5410
723,5411
7230,5412
7231,5413
7232,5414
7233,5415
7234,5416
7235,5417
7236,5418
7237,5419
7239,5420
724,5421
7240,5422
7241,5423
7242,5424
7244,5425
7245,5426
7246,5427
7247,5428
7248,5429
7249,5430
725,5431
7252,5432
7255,5433
7256,5434
7257,5435
7258,5436
7259,5437
726,5438
7260,5439
7262,5440
7264,5441
7265,5442
7266,5443
7267,5444
727,5445
7270,5446
7271,5447
7272,5448
7273,5449
7274,5450
7275,5451
7276,5452
7277,5453
7279,5454
728,5455
7280,5456
7281,5457
7282,5458
7283,5459
7284,5460
7285,5461
7286,5462
7287,5463
7288,5464
7289,5465
729,5466
7290,5467
7291,5468
7292,5469
7293,5470
7295,5471
7296,5472
7297,5473
7298,5474
730,5475
7301,5476
7303,5477
7304,5478
7305,5479
7308,5480
7309,5481
731,5482
7310,5483
7311,5484
7313,5485
7315,5486
7318,5487
7319,5488
732,5489
7320,5490
7321,5491
7322,5492
7323,5493
7324,5494
7325,5495
7326,5496
7328,5497
7329,5498
733,5499
7331,5500
7333,5501
7335,5502
7336,5503
7338,5504
7339,5505
7340,5506
7341,5507
7342,5508
7343,5509
7344,5510
7345,5511
7346,5512
7347,5513
7348,5514
7349,5515
735,5516
7350,5517
7351,5518
7353,5519
7354,5520
7356,5521
7357,5522
7358,5523
7359,5524
736,5525
7360,5526
7361,5527
7362,5528
7363,5529
7364,5530
7365,5531
7367,5532
7368,5533
7369,5534
737,5535
7370,5536
7371,5537
7372,5538
7373,5539
7374,5540
7375,5541
7376,5542
7377,5543
738,5544
7380,5545
7381,5546
7382,5547
7384,5548
7385,5549
7386,5550
7388,5551
7389,5552
739,5553
7390,5554
7395,5555
7396,5556
7397,5557
740,5558
7400,5559
7403,5560
7404,5561
7406,5562
7407,5563
7408,5564
7409,5565
741,5566
7411,5567
7412,5568
7413,5569
7414,5570
7416,5571
7417,5572
7418,5573
7420,5574
7421,5575
7422,5576
7423,5577
7425,5578
7426,5579
7427,5580
7428,5581
7429,5582
743,5583
7430,5584
7431,5585
7432,5586
7433,5587
7436,5588
7437,5589
7438,5590
7439,5591
744,5592
7440,5593
7441,5594
7443,5595
7444,5596
7445,5597
7446,5598
7448,5599
7449,5600
7450,5601
7451,5602
7452,5603
7453,5604
7454,5605
7455,5606
7457,5607
7458,5608
7459,5609
7460,5610
7462,5611
7463,5612
7464,5613
7467,5614
7468,5615
747,5616
7470,5617
7471,5618
7472,5619
7474,5620
7475,5621
7476,5622
7478,5623
7479,5624
748,5625
7480,5626
7481,5627
7482,5628
7483,5629
7484,5630
7485,5631
7486,5632
7488,5633
7489,5634
749,5635
7491,5636
7492,5637
7493,5638
7494,5639
7496,5640
7497,5641
7499,5642
75,5643
750,5644
7500,5645
7501,5646
7502,5647
7504,5648
7505,5649
7506,5650
7507,5651
7509,5652
751,5653
7510,5654
7511,5655
7512,5656
7513,5657
7514,5658
7515,5659
7516,5660
7517,5661
7518,5662
7519,5663
752,5664
7520,5665
7521,5666
7523,5667
7525,5668
7526,5669
7527,5670
7528,5671
7529,5672
753,5673
7531,5674
7532,5675
7533,5676
7534,5677
7535,5678
7536,5679
7537,5680
7538,5681
7539,5682
754,5683
7540,5684
7541,5685
7542,5686
7544,5687
7545,5688
7548,5689
7549,5690
755,5691
7550,5692
7551,5693
7552,5694
7553,5695
7554,5696
7555,5697
7556,5698
7557,5699
7558,5700
7559,5701
756,5702
7561,5703
7562,5704
7563,5705
7564,5706
7566,5707
7567,5708
7568,5709
757,5710
7570,5711
7571,5712
7572,5713
7574,5714
7575,5715
7576,5716
7577,5717
7578,5718
7579,5719
758,5720
7580,5721
7581,5722
7582,5723
7584,5724
7585,5725
7586,5726
7588,5727
7589,5728
759,5729
7590,5730
7591,5731
7592,5732
7593,5733
7594,5734
7595,5735
7596,5736
7597,5737
7598,5738
7599,5739
76,5740
760,5741
7600,5742
7602,5743
7603,5744
7604,5745
7605,5746
7606,5747
7607,5748
7608,5749
761,5750
7610,5751
7612,5752
7613,5753
7614,5754
7615,5755
7616,5756
7618,5757
7619,5758
762,5759
7620,5760
7621,5761
7622,5762
7623,5763
7624,5764
7625,5765
7626,5766
7628,5767
7629,5768
763,5769
7630,5770
7631,5771
7632,5772
7633,5773
7634,5774
7635,5775
7636,5776
7637,5777
7638,5778
7639,5779
7641,5780
7643,5781
7644,5782
7645,5783
7646,5784
7647,5785
7649,5786
765,5787
7650,5788
7651,5789
7652,5790
7653,5791
7655,5792
7656,5793
7657,5794
7659,5795
766,5796
7660,5797
7661,5798
7662,5799
7663,5800
7664,5801
7665,5802
7666,5803
7667,5804
7668,5805
7669,5806
767,5807
7670,5808
7671,5809
7672,5810
7673,5811
7674,5812
7675,5813
7676,5814
7677,5815
7679,5816
768,5817
7681,5818
7682,5819
7683,5820
7684,5821
7686,5822
7687,5823
7688,5824
7689,5825
769,5826
7690,5827
7692,5828
7693,5829
7695,5830
7696,5831
7697,5832
7698,5833
7699,5834
77,5835
7700,5836
7701,5837
7702,5838
7706,5839
7707,5840
7708,5841
7709,5842
771,5843
7711,5844
7712,5845
7714,5846
7715,5847
7716,5848
7717,5849
7718,5850
7719,5851
7720,5852
7721,5853
7724,5854
7725,5855
7726,5856
7729,5857
773,5858
7730,5859
7731,5860
7732,5861
7733,5862
7735,5863
7736,5864
7737,5865
7739,5866
774,5867
7740,5868
7743,5869
7745,5870
7748,5871
7750,5872
7752,5873
7753,5874
7754,5875
7755,5876
7758,5877
776,5878
7761,5879
7762,5880
7763,5881
7764,5882
7765,5883
7766,5884
7767,5885
7768,5886
7769,5887
777,5888
7771,5889
7772,5890
7773,5891
7774,5892
7775,5893
7776,5894
7777,5895
7778,5896
7779,5897
778,5898
7780,5899
7781,5900
7784,5901
7786,5902
7787,5903
7789,5904
779,5905
7790,5906
7791,5907
7792,5908
7793,5909
7796,5910
7797,5911
78,5912
780,5913
7801,5914
7802,5915
7803,5916
7805,5917
7807,5918
7808,5919
7809,5920
7810,5921
7811,5922
7812,5923
7813,5924
7814,5925
7815,5926
7817,5927
7818,5928
7819,5929
7820,5930
7821,5931
7822,5932
7823,5933
7824,5934
7825,5935
7826,5936
7827,5937
7828,5938
7829,5939
783,5940
7830,5941
7831,5942
7832,5943
7834,5944
7835,5945
7836,5946
7838,5947
7839,5948
7840,5949
7841,5950
7842,5951
7843,5952
7844,5953
7845,5954
7847,5955
7848,5956
7850,5957
7851,5958
7852,5959
7854,5960
7855,5961
7857,5962
7858,5963
7859,5964
786,5965
7860,5966
7862,5967
7864,5968
7865,5969
7867,5970
7868,5971
7869,5972
787,5973
7871,5974
7872,5975
7873,5976
7874,5977
7876,5978
7877,5979
7878,5980
7879,5981
788,5982
7880,5983
7881,5984
7882,5985
7883,5986
7884,5987
7886,5988
7887,5989
7888,5990
7890,5991
7894,5992
7895,5993
7896,5994
7897,5995
7898,5996
7899,5997
79,5998
7900,5999
7902,6000
7903,6001
7904,6002
7905,6003
7906,6004
7907,6005
7908,6006
7909,6007
791,6008
7910,6009
7911,6010
7912,6011
7913,6012
7914,6013
7915,6014
7916,6015
7917,6016
7918,6017
792,6018
7920,6019
7921,6020
7922,6021
7923,6022
7925,6023
7926,6024
7927,6025
7928,6026
793,6027
7930,6028
7931,6029
7932,6030
7934,6031
7935,6032
7936,6033
7937,6034
7939,6035
794,6036
7940,6037
7941,6038
7943,6039
7945,6040
7946,6041
7947,6042
7948,6043
7949,6044
7950,6045
7951,6046
7952,6047
7954,6048
7955,6049
7956,6050
7957,6051
7958,6052
7959,6053
7960,6054
7961,6055
7962,6056
7963,6057
7966,6058
7968,6059
7969,6060
797,6061
7970,6062
7971,6063
7973,6064
7975,6065
7977,6066
7978,6067
7979,6068
798,6069
7980,6070
7981,6071
7982,6072
7986,6073
7987,6074
7988,6075
799,6076
7990,6077
7991,6078
7992,6079
7993,6080
7994,6081
7996,6082
7997,6083
7998,6084
7999,6085
8,6086
80,6087
800,6088
8002,6089
8003,6090
8004,6091
8005,6092
8007,6093
8008,6094
8009,6095
8011,6096
8012,6097
8013,6098
8014,6099
8015,6100
8016,6101
8018,6102
8019,6103
802,6104
8021,6105
8022,6106
8023,6107
8024,6108
8025,6109
8026,6110
8027,6111
8028,6112
803,6113
8031,6114
8032,6115
8033,6116
8034,6117
8035,6118
8036,6119
8037,6120
8038,6121
8039,6122
8040,6123
8041,6124
8042,6125
8043,6126
8044,6127
8045,6128
8046,6129
8047,6130
8048,6131
8049,6132
805,6133
8050,6134
8053,6135
8054,6136
8055,6137
8056,6138
8057,6139
8058,6140
8059,6141
806,6142
8060,6143
8061,6144
8062,6145
8063,6146
8065,6147
8066,6148
8067,6149
8068,6150
807,6151
8074,6152
8075,6153
8076,6154
8077,6155
8078,6156
8079,6157
808,6158
8080,6159
8081,6160
8082,6161
8083,6162
8084,6163
8085,6164
8086,6165
8087,6166
8088,6167
8089,6168
809,6169
8090,6170
8091,6171
8092,6172
8093,6173
8095,6174
8096,6175
8097,6176
8098,6177
8100,6178
8104,6179
8105,6180
8106,6181
8107,6182
8108,6183
811,6184
8111,6185
8112,6186
8113,6187
8115,6188
8116,6189
8117,6190
8118,6191
8119,6192
8120,6193
8121,6194
8122,6195
8123,6196
8124,6197
8125,6198
8126,6199
8127,6200
8128,6201
8129,6202
813,6203
8130,6204
8132,6205
8134,6206
8135,6207
8136,6208
8137,6209
8138,6210
8139,6211
814,6212
8140,6213
8141,6214
8142,6215
8144,6216
8145,6217
8146,6218
8147,6219
8148,6220
8149,6221
815,6222
8152,6223
8153,6224
8155,6225
8156,6226
8157,6227
8158,6228
8160,6229
8161,6230
8163,6231
8164,6232
8170,6233
8172,6234
8173,6235
8174,6236
8176,6237
8177,6238
8178,6239
8179,6240
8180,6241
8182,6242
8183,6243
8184,6244
8185,6245
8186,6246
8189,6247
819,6248
8190,6249
8191,6250
8195,6251
8196,6252
8197,6253
8198,6254
8199,6255
82,6256
820,6257
8201,6258
8202,6259
8203,6260
8204,6261
8205,6262
8206,6263
8207,6264
8211,6265
8212,6266
8214,6267
8215,6268
8216,6269
8217,6270
8218,6271
8219,6272
822,6273
8220,6274
8221,6275
8222,6276
8223,6277
8224,6278
8225,6279
8226,6280
8227,6281
8229,6282
823,6283
8232,6284
8233,6285
8234,6286
8236,6287
8237,6288
8238,6289
8239,6290
824,6291
8240,6292
8241,6293
8242,6294
8243,6295
8244,6296
8245,6297
8246,6298
8247,6299
8248,6300
8249,6301
825,6302
8250,6303
8251,6304
8252,6305
8253,6306
8254,6307
8255,6308
8257,6309
8259,6310
826,6311
8260,6312
8261,6313
8262,6314
8263,6315
8264,6316
8265,6317
8267,6318
8269,6319
827,6320
8272,6321
8273,6322
8274,6323
8275,6324
8276,6325
8277,6326
8278,6327
8279,6328
8280,6329
8281,6330
8282,6331
8283,6332
8284,6333
8285,6334
8286,6335
8287,6336
8288,6337
8289,6338
8290,6339
8291,6340
8292,6341
8293,6342
8294,6343
8295,6344
8296,6345
8297,6346
8298,6347
8299,6348
83,6349
8300,6350
8302,6351
8305,6352
8306,6353
8307,6354
8308,6355
8309,6356
831,6357
8310,6358
8311,6359
8312,6360
8313,6361
8314,6362
8315,6363
8317,6364
8318,6365
8319,6366
832,6367
8321,6368
8322,6369
8323,6370
8324,6371
8325,6372
8326,6373
8327,6374
8328,6375
833,6376
8331,6377
8332,6378
8333,6379
8334,6380
8336,6381
8338,6382
834,6383
8340,6384
8341,6385
8342,6386
8343,6387
8345,6388
8346,6389
8347,6390
8348,6391
835,6392
8350,6393
8351,6394
8352,6395
8353,6396
8354,6397
8355,6398
8358,6399
8359,6400
836,6401
8360,6402
8361,6403
8362,6404
8363,6405
8365,6406
8366,6407
8367,6408
8368,6409
8369,6410
8370,6411
8371,6412
8372,6413
8373,6414
8374,6415
8375,6416
8376,6417
8377,6418
8378,6419
8379,6420
838,6421
8380,6422
8381,6423
8382,6424
8383,6425
8385,6426
8386,6427
8388,6428
839,6429
8390,6430
8391,6431
8392,6432
8393,6433
8394,6434
8395,6435
8396,6436
8397,6437
8398,6438
8399,6439
84,6440
840,6441
8400,6442
8401,6443
8404,6444
8405,6445
8406,6446
8407,6447
8408,6448
8409,6449
841,6450
8410,6451
8412,6452
8413,6453
8414,6454
8415,6455
8416,6456
8418,6457
8419,6458
842,6459
8420,6460
8421,6461
8422,6462
8423,6463
8426,6464
8428,6465
8429,6466
8430,6467
8431,6468
8432,6469
8433,6470
8434,6471
8435,6472
8436,6473
8437,6474
8438,6475
8439,6476
8441,6477
8442,6478
8443,6479
8444,6480
8445,6481
8446,6482
8448,6483
845,6484
8450,6485
8451,6486
8452,6487
8454,6488
8455,6489
8457,6490
8458,6491
8459,6492
8461,6493
8462,6494
8464,6495
8465,6496
8466,6497
8467,6498
8468,6499
8469,6500
8471,6501
8472,6502
8473,6503
8474,6504
8475,6505
8476,6506
8477,6507
8480,6508
8481,6509
8483,6510
8484,6511
8485,6512
8486,6513
8487,6514
8488,6515
8490,6516
8491,6517
8493,6518
8495,6519
8496,6520
8498,6521
8499,6522
85,6523
850,6524
8500,6525
8501,6526
8502,6527
8503,6528
8504,6529
8505,6530
8506,6531
8507,6532
8508,6533
8509,6534
851,6535
8511,6536
8512,6537
8513,6538
8514,6539
8515,6540
8517,6541
8519,6542
852,6543
8520,6544
8521,6545
8522,6546
8523,6547
8524,6548
8526,6549
8527,6550
8528,6551
8529,6552
853,6553
8530,6554
8531,6555
8532,6556
8533,6557
8534,6558
8535,6559
8536,6560
8537,6561
8539,6562
854,6563
8541,6564
8542,6565
8543,6566
8545,6567
8546,6568
8547,6569
8548,6570
8549,6571
855,6572
8550,6573
8552,6574
8553,6575
8555,6576
8556,6577
8558,6578
856,6579
8560,6580
8561,6581
8562,6582
8566,6583
8568,6584
8569,6585
857,6586
8570,6587
8571,6588
8573,6589
8574,6590
8575,6591
8576,6592
8577,6593
8578,6594
8579,6595
858,6596
8583,6597
8584,6598
8585,6599
8586,6600
8587,6601
8588,6602
8589,6603
859,6604
8592,6605
8593,6606
8594,6607
8596,6608
8598,6609
8599,6610
86,6611
860,6612
8600,6613
8603,6614
8605,6615
8607,6616
8608,6617
8609,6618
8611,6619
8612,6620
8613,6621
8614,6622
8615,6623
8616,6624
8617,6625
8618,6626
8619,6627
862,6628
8620,6629
8621,6630
8625,6631
8626,6632
8627,6633
8628,6634
8629,6635
863,6636
8631,6637
8632,6638
8634,6639
8635,6640
8637,6641
8638,6642
8639,6643
8640,6644
8641,6645
8642,6646
8643,6647
8644,6648
8646,6649
8647,6650
8648,6651
8649,6652
865,6653
8650,6654
8651,6655
8652,6656
8654,6657
8655,6658
8656,6659
8657,6660
8658,6661
8659,6662
8660,6663
8661,6664
8662,6665
8663,6666
8664,6667
8665,6668
8666,6669
8668,6670
8669,6671
867,6672
8671,6673
8672,6674
8673,6675
8675,6676
8676,6677
8677,6678
8678,6679
8679,6680
868,6681
8680,6682
8681,6683
8682,6684
8683,6685
8684,6686
8686,6687
8687,6688
8688,6689
8689,6690
8691,6691
8693,6692
8694,6693
8695,6694
8696,6695
8697,6696
8698,6697
8699,6698
87,6699
870,6700
8701,6701
8702,6702
8703,6703
8704,6704
8706,6705
8707,6706
8708,6707
8709,6708
871,6709
8712,6710
8713,6711
8714,6712
8715,6713
8716,6714
8717,6715
8718,6716
8719,6717
872,6718
8721,6719
8722,6720
8723,6721
8724,6722
8726,6723
8727,6724
8728,6725
8729,6726
873,6727
8730,6728
8731,6729
8732,6730
8734,6731
8735,6732
8736,6733
8737,6734
8738,6735
8739,6736
874,6737
8740,6738
8741,6739
8744,6740
8745,6741
8747,6742
8748,6743
8749,6744
875,6745
8750,6746
8751,6747
8756,6748
8757,6749
8758,6750
8759,6751
8761,6752
8762,6753
8763,6754
8764,6755
8766,6756
8768,6757
8769,6758
8770,6759
8771,6760
8772,6761
8773,6762
8774,6763
8775,6764
8777,6765
8779,6766
878,6767
8780,6768
8781,6769
8782,6770
8784,6771
8785,6772
8786,6773
8787,6774
879,6775
8791,6776
8792,6777
8793,6778
8794,6779
8796,6780
8798,6781
8799,6782
88,6783
880,6784
8800,6785
8801,6786
8802,6787
8803,6788
8804,6789
8805,6790
8806,6791
8807,6792
8808,6793
8809,6794
881,6795
8811,6796
8813,6797
8814,6798
8816,6799
8818,6800
8819,6801
882,6802
8820,6803
8821,6804
8823,6805
8824,6806
8826,6807
8827,6808
8828,6809
8829,6810
883,6811
8830,6812
8831,6813
8832,6814
8833,6815
8834,6816
8835,6817
8836,6818
8837,6819
8838,6820
8839,6821
884,6822
8840,6823
8841,6824
8842,6825
8843,6826
8844,6827
8846,6828
8847,6829
8849,6830
885,6831
8851,6832
8852,6833
8854,6834
8855,6835
8856,6836
8857,6837
8859,6838
886,6839
8860,6840
8862,6841
8863,6842
8864,6843
8865,6844
8867,6845
8868,6846
8869,6847
887,6848
8870,6849
8871,6850
8872,6851
8873,6852
8875,6853
8878,6854
8879,6855
888,6856
8880,6857
8881,6858
8882,6859
8883,6860
8885,6861
8887,6862
889,6863
8890,6864
8891,6865
8892,6866
8893,6867
8894,6868
8895,6869
8896,6870
8897,6871
8898,6872
8899,6873
890,6874
8900,6875
8902,6876
8903,6877
8904,6878
8906,6879
8907,6880
8908,6881
8909,6882
8910,6883
8911,6884
8912,6885
8914,6886
8915,6887
8916,6888
8917,6889
892,6890
8920,6891
8921,6892
8922,6893
8923,6894
8924,6895
8925,6896
8926,6897
8927,6898
8928,6899
8932,6900
8933,6901
8934,6902
8935,6903
8937,6904
8938,6905
8939,6906
894,6907
8940,6908
8941,6909
8942,6910
8943,6911
8944,6912
8945,6913
8946,6914
8947,6915
8948,6916
8949,6917
8950,6918
8952,6919
8953,6920
8955,6921
8957,6922
8958,6923
8959,6924
896,6925
8960,6926
8961,6927
8962,6928
8965,6929
8967,6930
8968,6931
8969,6932
897,6933
8970,6934
8972,6935
8973,6936
8974,6937
8975,6938
8976,6939
8978,6940
8979,6941
898,6942
8980,6943
8981,6944
8982,6945
8984,6946
8985,6947
8986,6948
8987,6949
8988,6950
8989,6951
899,6952
8990,6953
8991,6954
8992,6955
8993,6956
8994,6957
8995,6958
8996,6959
900,6960
9001,6961
9002,6962
9003,6963
9004,6964
9006,6965
9007,6966
9008,6967
9009,6968
9010,6969
9011,6970
9013,6971
9014,6972
9015,6973
9016,6974
9018,6975
9019,6976
902,6977
9020,6978
9022,6979
9025,6980
9028,6981
9030,6982
9031,6983
9032,6984
9033,6985
9035,6986
9036,6987
9037,6988
9039,6989
904,6990
9040,6991
9043,6992
9044,6993
9046,6994
9047,6995
9049,6996
905,6997
9051,6998
9052,6999
9053,7000
9054,7001
9055,7002
9057,7003
9059,7004
906,7005
9060,7006
9061,7007
9063,7008
9066,7009
9067,7010
9068,7011
9069,7012
907,7013
9070,7014
9071,7015
9075,7016
9076,7017
9077,7018
9078,7019
9079,7020
9081,7021
9082,7022
9085,7023
9086,7024
9088,7025
9090,7026
9092,7027
9093,7028
9096,7029
9098,7030
91,7031
910,7032
9100,7033
9101,7034
9102,7035
9103,7036
9104,7037
9106,7038
9107,7039
9108,7040
9109,7041
9111,7042
9112,7043
9113,7044
9114,7045
9115,7046
9116,7047
9117,7048
9118,7049
9119,7050
912,7051
9120,7052
9121,7053
9123,7054
9125,7055
9126,7056
9127,7057
9128,7058
9129,7059
9130,7060
9131,7061
9132,7062
9133,7063
9135,7064
9136,7065
9138,7066
9139,7067
914,7068
9140,7069
9142,7070
9143,7071
9144,7072
9145,7073
9146,7074
9147,7075
9148,7076
9149,7077
915,7078
9150,7079
9151,7080
9152,7081
9153,7082
9154,7083
9155,7084
9156,7085
9158,7086
916,7087
9160,7088
9162,7089
9163,7090
9165,7091
9166,7092
9167,7093
9168,7094
917,7095
9170,7096
9171,7097
9172,7098
9173,7099
9174,7100
9175,7101
9176,7102
9177,7103
9178,7104
9179,7105
9180,7106
9182,7107
9184,7108
9186,7109
9188,7110
919,7111
9191,7112
9192,7113
9193,7114
9194,7115
9196,7116
920,7117
9200,7118
9202,7119
9204,7120
9205,7121
9206,7122
9207,7123
9208,7124
921,7125
9211,7126
9212,7127
9213,7128
9214,7129
9215,7130
9216,7131
9217,7132
9218,7133
9219,7134
9220,7135
9221,7136
9223,7137
9224,7138
9225,7139
9226,7140
9228,7141
923,7142
9231,7143
9232,7144
9233,7145
9234,7146
9235,7147
9236,7148
9238,7149
924,7150
9240,7151
9241,7152
9242,7153
9243,7154
9244,7155
9245,7156
9246,7157
9247,7158
9248,7159
9249,7160
9250,7161
9252,7162
9253,7163
9254,7164
9255,7165
9256,7166
9257,7167
9258,7168
9259,7169
926,7170
9261,7171
9262,7172
9263,7173
9264,7174
9265,7175
9267,7176
9268,7177
9269,7178
927,7179
9270,7180
9271,7181
9272,7182
9273,7183
9276,7184
9277,7185
9278,7186
928,7187
9280,7188
9281,7189
9283,7190
9284,7191
9285,7192
9286,7193
9287,7194
9288,7195
9289,7196
929,7197
9290,7198
9293,7199
9294,7200
9296,7201
9298,7202
93,7203
930,7204
9300,7205
9301,7206
9303,7207
9304,7208
9306,7209
9307,7210
9308,7211
9309,7212
931,7213
9310,7214
9311,7215
9312,7216
9315,7217
9316,7218
9317,7219
9319,7220
9320,7221
9321,7222
9322,7223
9323,7224
9324,7225
9325,7226
9327,7227
9328,7228
933,7229
9330,7230
9331,7231
9332,7232
9333,7233
9334,7234
9335,7235
9336,7236
9339,7237
934,7238
9340,7239
9341,7240
9342,7241
9344,7242
9345,7243
9347,7244
9348,7245
9349,7246
935,7247
9350,7248
9351,7249
9352,7250
9354,7251
9356,7252
9358,7253
9359,7254
936,7255
9360,7256
9361,7257
9362,7258
9363,7259
9364,7260
9366,7261
9367,7262
9368,7263
9369,7264
937,7265
9370,7266
9371,7267
9372,7268
9373,7269
9374,7270
9376,7271
9377,7272
9378,7273
9379,7274
938,7275
9380,7276
9381,7277
9382,7278
9383,7279
9384,7280
9385,7281
9387,7282
9388,7283
939,7284
9390,7285
9391,7286
9393,7287
9394,7288
9395,7289
9396,7290
9397,7291
9398,7292
9399,7293
94,7294
940,7295
9401,7296
9402,7297
9403,7298
9404,7299
9405,7300
9406,7301
9407,7302
9408,7303
9409,7304
941,7305
9410,7306
9411,7307
9412,7308
9413,7309
9414,7310
9416,7311
9417,7312
9419,7313
942,7314
9420,7315
9421,7316
9422,7317
9423,7318
9424,7319
9425,7320
9426,7321
9427,7322
9428,7323
9429,7324
9430,7325
9431,7326
9432,7327
9433,7328
9434,7329
9437,7330
9438,7331
9439,7332
944,7333
9441,7334
9442,7335
9444,7336
9445,7337
9446,7338
9447,7339
9448,7340
9449,7341
9451,7342
9453,7343
9454,7344
9455,7345
9456,7346
9458,7347
9459,7348
9460,7349
9461,7350
9462,7351
9463,7352
9464,7353
9465,7354
9466,7355
9468,7356
9469,7357
947,7358
9470,7359
9471,7360
9473,7361
9474,7362
9475,7363
9476,7364
9477,7365
9478,7366
9479,7367
948,7368
9480,7369
9481,7370
9482,7371
9484,7372
9485,7373
9486,7374
9487,7375
9488,7376
9489,7377
949,7378
9490,7379
9491,7380
9492,7381
9493,7382
9494,7383
9495,7384
9496,7385
9497,7386
9498,7387
9499,7388
950,7389
9500,7390
9503,7391
9505,7392
9506,7393
9507,7394
9509,7395
951,7396
9510,7397
9511,7398
9512,7399
9513,7400
9515,7401
9517,7402
9518,7403
952,7404
9520,7405
9521,7406
9522,7407
9523,7408
9525,7409
9526,7410
9527,7411
9528,7412
9529,7413
953,7414
9531,7415
9532,7416
9533,7417
9534,7418
9535,7419
9536,7420
9537,7421
9538,7422
954,7423
9542,7424
9544,7425
9545,7426
9546,7427
9547,7428
9548,7429
9549,7430
955,7431
9550,7432
9551,7433
9553,7434
9554,7435
9555,7436
9556,7437
9557,7438
9559,7439
956,7440
9560,7441
9561,7442
9563,7443
9564,7444
9565,7445
9566,7446
9567,7447
9569,7448
9570,7449
9571,7450
9572,7451
9573,7452
9574,7453
9576,7454
9577,7455
9578,7456
9579,7457
958,7458
9581,7459
9584,7460
9585,7461
9586,7462
959,7463
9590,7464
9592,7465
9593,7466
9595,7467
9597,7468
9599,7469
96,7470
960,7471
9600,7472
9601,7473
9602,7474
9603,7475
9604,7476
9605,7477
9607,7478
9608,7479
9609,7480
9610,7481
9613,7482
9614,7483
9617,7484
9618,7485
9619,7486
962,7487
9620,7488
9621,7489
9622,7490
9623,7491
9624,7492
9626,7493
9627,7494
9628,7495
963,7496
9630,7497
9632,7498
9634,7499
9635,7500
9636,7501
9637,7502
9638,7503
9639,7504
964,7505
9640,7506
9641,7507
9642,7508
9643,7509
9644,7510
9647,7511
9648,7512
9649,7513
9650,7514
9651,7515
9652,7516
9653,7517
9654,7518
9655,7519
9656,7520
9657,7521
9658,7522
9659,7523
966,7524
9660,7525
9661,7526
9662,7527
9663,7528
9664,7529
9665,7530
9666,7531
9667,7532
9668,7533
9669,7534
967,7535
9670,7536
9671,7537
9672,7538
9673,7539
9674,7540
9675,7541
9676,7542
9677,7543
9678,7544
9679,7545
968,7546
9680,7547
9681,7548
9682,7549
9684,7550
9685,7551
9686,7552
9687,7553
9688,7554
9689,7555
969,7556
9690,7557
9691,7558
9692,7559
9693,7560
9695,7561
9697,7562
9698,7563
9699,7564
970,7565
9700,7566
9701,7567
9702,7568
9703,7569
9704,7570
9705,7571
9706,7572
9707,7573
9708,7574
9709,7575
971,7576
9710,7577
9711,7578
9713,7579
9714,7580
9715,7581
9716,7582
9717,7583
9719,7584
9720,7585
9721,7586
9722,7587
9723,7588
9725,7589
9726,7590
9729,7591
973,7592
9730,7593
9732,7594
9733,7595
9735,7596
9736,7597
9737,7598
9738,7599
9739,7600
974,7601
9740,7602
9741,7603
9742,7604
9743,7605
9744,7606
9745,7607
9746,7608
9747,7609
9748,7610
9749,7611
975,7612
9751,7613
9752,7614
9754,7615
9755,7616
9756,7617
9757,7618
9758,7619
9759,7620
976,7621
9760,7622
9761,7623
9762,7624
9765,7625
9767,7626
9768,7627
9769,7628
977,7629
9771,7630
9772,7631
9773,7632
9774,7633
9775,7634
9776,7635
9777,7636
9778,7637
9779,7638
978,7639
9780,7640
9781,7641
9782,7642
9784,7643
9785,7644
9786,7645
9787,7646
9788,7647
9789,7648
9790,7649
9791,7650
9792,7651
9793,7652
9794,7653
9795,7654
9797,7655
9798,7656
9799,7657
9800,7658
9801,7659
9802,7660
9804,7661
9805,7662
9806,7663
9807,7664
9808,7665
9809,7666
981,7667
9810,7668
9812,7669
9813,7670
9814,7671
9815,7672
982,7673
9820,7674
9822,7675
9823,7676
9824,7677
9825,7678
9826,7679
9827,7680
9828,7681
983,7682
9830,7683
9831,7684
9832,7685
9833,7686
9834,7687
9835,7688
9837,7689
9838,7690
984,7691
9840,7692
9841,7693
9842,7694
9843,7695
9844,7696
9845,7697
9846,7698
9847,7699
9849,7700
985,7701
9850,7702
9851,7703
9853,7704
9856,7705
9858,7706
986,7707
9861,7708
9863,7709
9864,7710
9865,7711
9866,7712
9867,7713
9869,7714
9870,7715
9871,7716
9872,7717
9873,7718
9874,7719
9876,7720
9877,7721
9878,7722
9879,7723
988,7724
9880,7725
9881,7726
9882,7727
9883,7728
9885,7729
9887,7730
9888,7731
9889,7732
989,7733
9893,7734
9894,7735
9896,7736
9897,7737
9898,7738
9899,7739
99,7740
990,7741
9900,7742
9902,7743
9903,7744
9904,7745
9905,7746
9907,7747
9908,7748
9909,7749
991,7750
9911,7751
9912,7752
9914,7753
9915,7754
9916,7755
9917,7756
9919,7757
992,7758
9920,7759
9922,7760
9923,7761
9924,7762
9926,7763
9927,7764
9928,7765
9929,7766
993,7767
9930,7768
9931,7769
9932,7770
9935,7771
9936,7772
9937,7773
9938,7774
9940,7775
9941,7776
9942,7777
9943,7778
9944,7779
9946,7780
9947,7781
9948,7782
9949,7783
995,7784
9950,7785
9953,7786
9954,7787
9956,7788
9957,7789
9958,7790
9959,7791
9960,7792
9961,7793
9962,7794
9964,7795
9965,7796
9966,7797
9967,7798
9968,7799
9969,7800
997,7801
9970,7802
9971,7803
9972,7804
9973,7805
9975,7806
9976,7807
9977,7808
9978,7809
9980,7810
9981,7811
9982,7812
9983,7813
9985,7814
9986,7815
9987,7816
999,7817
9990,7818
9991,7819
9992,7820
9993,7821
9994,7822
9995,7823
9996,7824
9997,7825
9998,7826
9999,7827
